FY 2022-23 SSS Grantees (MS Excel),,,Institutional Type,Private/Public/2-years,,John Paul,Aminah,Bethle,,,,
PR Award Number,Student Support Services(SSS) Grantees,# of Students,PWI/HBCU/HSI,Institutional Selectivity,State,City,County,Zipcode,Urbanicity-Milners Definition,Number of Participants,FY 2022 Funding (2022-23 Project Yr),Project Type
P042A201384,University of Alaska/ Anchorage,,,,AK,test,,,,160,"$271,635.00 ",Regular
P042A200923,University of Alaska/ Fairbanks,,,,AK,,,,,140,"$261,888.00 ",STEM
P042A200928,University of Alaska/ Fairbanks,,,,AK,,,,,160,"$274,943.00 ",Regular
P042A200160,Alabama Southern Community College,,,,AL,,,,,167,"$383,454.00 ",Regular
P042A200640,Alabama State University/ Montgomery,,,,AL,,,,,160,"$294,725.00 ",Regular
P042A200079,Bevill State Community College,,,,AL,,,,,124,"$261,888.00 ",STEM
P042A200273,Bevill State Community College/ Fayette,,,,AL,,,,,165,"$347,155.00 ",Regular
P042A200520,Bevill State Community College/ Jasper,,,,AL,,,,,144,"$261,888.00 ",Regular
P042A200137,Bevill State Community College/ Sumiton,,,,AL,,,,,144,"$261,888.00 ",Regular
P042A201912,Bishop State Community College,,,,AL,,,,,140,"$261,888.00 ",Regular
P042A201101,Central Alabama Community College,,,,AL,,,,,120,"$261,888.00 ",STEM
P042A200340,Enterprise State Community College,,,,AL,,,,,275,"$576,128.00 ",Regular
P042A201297,Gadsden State Community College,,,,AL,,,,,600,"$982,120.00 ",Regular
P042A200272,George C. Wallace Community College/ Dothan,,,,AL,,,,,365,"$718,829.00 ",Regular
P042A201710,George Corley Wallace State Community College/ Selma,,,,AL,,,,,309,"$506,152.00 ",Regular
P042A200651,J.F. Ingram State Technical College,,,,AL,,,,,167,"$419,010.00 ",Regular
P042A200284,James H. Faulkner State Community College,,,,AL,,,,,150,"$351,793.00 ",Regular
P042A200570,Jefferson Davis Community College,,,,AL,,,,,150,"$294,725.00 ",Regular
P042A201097,Miles College,,,,AL,,,,,140,"$261,888.00 ",Regular
P042A200234,Northwest-Shoals Community College,,,,AL,,,,,400,"$634,218.00 ",Regular
P042A201667,Snead State Community College,,,,AL,,,,,170,"$275,105.00 ",Regular
P042A201423,Spring Hill College,,,,AL,,,,,140,"$261,888.00 ",Regular
P042A200958,T.A. Lawson State Community College/ Bessemer,,,,AL,,,,,210,"$334,850.00 ",Regular
P042A200821,T.A. Lawson State Community College/ Birmingham,,,,AL,,,,,200,"$398,062.00 ",Regular
P042A200335,Troy University,,,,AL,,,,,450,"$779,666.00 ",Regular
P042A200620,University of Alabama/ Birmingham,,,,AL,,,,,140,"$261,888.00 ",TeacherPrep
P042A200581,University of Alabama/ Birmingham,,,,AL,,,,,120,"$261,888.00 ",STEM
P042A200585,University of Alabama/ Birmingham,,,,AL,,,,,200,"$492,454.00 ",Regular
P042A201375,University of Alabama/ Tuscaloosa,,,,AL,,,,,206,"$354,106.00 ",Regular
P042A210625,University of Montevallo,,,,AL,,,,,200,"$345,786.00 ",Regular
P042A221106,University of North Alabama,,,,AL,,,,,140,"$261,888.00 ",
P042A200523,University of West Alabama,,,,AL,,,,,160,"$338,972.00 ",Regular
P042A201189,Wallace State Community College/ Hanceville,,,,AL,,,,,200,"$341,416.00 ",Regular
P042A201820,Arkansas Northeastern College,,,,AR,,,,,175,"$335,111.00 ",Regular
P042A200603,Arkansas State University,,,,AR,,,,,175,"$316,350.00 ",Regular
P042A200429,Arkansas State University/ Beebe,,,,AR,,,,,160,"$294,725.00 ",Regular
P042A200443,Arkansas State University/ Heber Springs,,,,AR,,,,,140,"$261,888.00 ",Regular
P042A200612,Arkansas Tech University,,,,AR,,,,,140,"$261,888.00 ",Regular
P042A200489,Arkansas Tech University,,,,AR,,,,,140,"$261,888.00 ",TeacherPrep
P042A200388,Arkansas Tech University/ Ozark,,,,AR,,,,,140,"$261,888.00 ",Regular
P042A200006,College of the Ouachitas,,,,AR,,,,,200,"$306,036.00 ",Regular
P042A200889,East Arkansas Community College,,,,AR,,,,,200,"$361,323.00 ",Regular
P042A200034,Henderson State University,,,,AR,,,,,308,"$417,525.00 ",Regular
P042A200043,Henderson State University,,,,AR,,,,,100,"$294,721.00 ",Disabled
P042A200526,John Brown University,,,,AR,,,,,165,"$275,105.00 ",Regular
P042A201115,Mid-South Community College,,,,AR,,,,,180,"$335,086.00 ",Regular
P042A200198,National Park Community College,,,,AR,,,,,225,"$420,020.00 ",Regular
P042A220018,North Arkansas College,,,,AR,,,,,200,"$377,440.00 ",
P042A200665,Ozarka College,,,,AR,,,,,215,"$331,434.00 ",Regular
P042A200091,Pulaski Technical College,,,,AR,,,,,180,"$275,105.00 ",Regular
P042A200111,Rich Mountain Community College/Main/Waldron,,,,AR,,,,,220,"$378,800.00 ",Regular
P042A200058,Southeast Arkansas College,,,,AR,,,,,160,"$275,105.00 ",Regular
P042A201015,Southern Arkansas University,,,,AR,,,,,250,"$396,437.00 ",Regular
P042A200002,University of Arkansas Community College/ Batesville,,,,AR,,,,,144,"$261,888.00 ",Regular
P042A201054,University of Arkansas Community College/ Hope,,,,AR,,,,,200,"$335,111.00 ",Regular
P042A201645,University of Arkansas/ Fayetteville,,,,AR,,,,,325,"$414,009.00 ",Regular
P042A200746,University of Arkansas/ Fort Smith,,,,AR,,,,,140,"$261,888.00 ",Regular
P042A200752,University of Arkansas/ Fort Smith,,,,AR,,,,,120,"$261,888.00 ",STEM
P042A200276,University of Arkansas/ Little Rock,,,,AR,,,,,260,"$427,545.00 ",Regular
P042A200186,University of Arkansas/ Phillips Community College,,,,AR,,,,,257,"$374,609.00 ",Regular
P042A200799,University of Arkansas/ Pine Bluff,,,,AR,,,,,308,"$491,808.00 ",Regular
P042A201056,University of the Ozarks,,,,AR,,,,,180,"$320,062.00 ",Regular
P042A200798,"Arizona Board of Regents, University of Arizona",,,,AZ,,,,,140,"$261,888.00 ",Regular
P042A201697,Arizona State University,,,,AZ,,,,,150,"$261,888.00 ",Regular
P042A201691,Arizona State University/ Phoenix,,,,AZ,,,,,120,"$261,888.00 ",STEM
P042A201640,Arizona State University/ Polytechnic,,,,AZ,,,,,150,"$261,888.00 ",Regular
P042A201675,Arizona State University/ Tempe,,,,AZ,,,,,270,"$292,020.00 ",Disabled
P042A201532,Arizona State University/ West,,,,AZ,,,,,130,"$261,888.00 ",STEM
P042A200990,Arizona Western College,,,,AZ,,,,,240,"$394,180.00 ",Regular
P042A201661,AZ Board of Regents on behalf of Arizona State University,,,,AZ,,,,,140,"$261,888.00 ",Regular
P042A201544,AZ Board of Regents on behalf of Arizona State Univsersity,,,,AZ,,,,,140,"$261,888.00 ",Regular
P042A221585,AZ Board of Regents on behalf of Arizona State Univsersity,,,,AZ,,,,,140,"$261,888.00 ",
P042A200796,"Board of Regents, the University of Arizona",,,,AZ,,,,,140,"$261,888.00 ",TeacherPrep
P042A200406,Central Arizona College,,,,AZ,,,,,160,"$275,105.00 ",Regular
P042A200875,Cochise College/ Douglas,,,,AZ,,,,,165,"$279,965.00 ",Regular
P042A200230,Coconino Community College,,,,AZ,,,,,144,"$261,888.00 ",Regular
P042A200859,Gateway Community College,,,,AZ,,,,,165,"$273,957.00 ",Regular
P042A200873,Mesa Community College,,,,AZ,,,,,140,"$261,888.00 ",Regular
P042A201342,Mesa Community College,,,,AZ,,,,,120,"$261,888.00 ",STEM
P042A200832,Northern Arizona University/ Flagstaff,,,,AZ,,,,,247,"$352,685.00 ",Regular
P042A200412,Pima County Community College/ Desert Vista,,,,AZ,,,,,140,"$261,888.00 ",Regular
P042A200238,Pima County Community College/ Desert Vista,,,,AZ,,,,,120,"$261,888.00 ",STEM
P042A200282,Pima County Community College/ East,,,,AZ,,,,,100,"$261,888.00 ",Disabled
P042A200251,University of Arizona,,,,AZ,,,,,124,"$261,888.00 ",STEM
P042A201114,Yavapai Community College,,,,AZ,,,,,309,"$483,523.00 ",Regular
P042A200930,Allan Hancock Community College,,,,CA,,,,,400,"$261,888.00 ",Regular
P042A201454,American River College,,,,CA,,,,,140,"$261,888.00 ",Regular
P042A201458,American River College,,,,CA,,,,,140,"$261,888.00 ",Veterans
P042A201470,American River College,,,,CA,,,,,120,"$261,888.00 ",STEM
P042A200423,Antelope Valley College,,,,CA,,,,,160,"$294,725.00 ",Regular
P042A201578,Azusa Pacific University,,,,CA,,,,,140,"$261,888.00 ",Regular
P042A201126,"Butte College, Butte-Glenn Community College District",,,,CA,,,,,140,"$261,888.00 ",Regular
P042A201142,"Butte College, Butte-Glenn Community College District",,,,CA,,,,,100,"$261,888.00 ",Disabled
P042A200732,"Cal Poly Pomona Foundation, Inc.",,,,CA,,,,,250,"$443,367.00 ",Regular
P042A201951,California Lutheran University,,,,CA,,,,,206,"$296,322.00 ",Regular
P042A200970,California Polytechnic Corporation,,,,CA,,,,,258,"$344,414.00 ",Regular
P042A200053,California State Polytechnic University/ Pomona,,,,CA,,,,,150,"$335,110.00 ",Disabled
P042A200376,California State University/ Chico,,,,CA,,,,,160,"$294,722.00 ",Regular
P042A200917,California State University/ Dominguez Hills,,,,CA,,,,,160,"$292,913.00 ",Regular
P042A201370,California State University/ Dominguez Hills,,,,CA,,,,,90,"$192,821.00 ",Veterans
P042A201900,California State University/ East Bay,,,,CA,,,,,438,"$542,635.00 ",Regular
P042A201962,California State University/ East Bay,,,,CA,,,,,100,"$275,104.00 ",Disabled
P042A200951,California State University/ Fresno,,,,CA,,,,,140,"$348,002.00 ",Regular
P042A200954,California State University/ Fresno Foundation,,,,CA,,,,,110,"$261,888.00 ",Disabled
P042A201348,California State University/ Fresno Foundation,,,,CA,,,,,120,"$261,888.00 ",Veterans
P042A200828,California State University/ Fullerton,,,,CA,,,,,165,"$348,002.00 ",Regular
P042A201857,California State University/ Long Beach Research Foundation,,,,CA,,,,,124,"$261,888.00 ",STEM
P042A201859,California State University/ Long Beach Research Foundation,,,,CA,,,,,103,"$261,888.00 ",Disabled
P042A211852,California State University/ Long Beach Research Foundation,,,,CA,,,,,464,"$607,236.00 ",Regular
P042A200660,California State University/ Monterey Bay,,,,CA,,,,,160,"$294,725.00 ",Regular
P042A200546,California State University/ Monterey Bay,,,,CA,,,,,120,"$261,888.00 ",STEM
P042A200431,California State University/ Northridge,,,,CA,,,,,140,"$261,888.00 ",Regular
P042A201264,California State University/ San Bernardino,,,,CA,,,,,335,"$444,751.00 ",Regular
P042A200516,California State University/ San Marcos Corporation,,,,CA,,,,,206,"$348,002.00 ",Regular
P042A201294,California State University/ Stanislaus,,,,CA,,,,,250,"$438,134.00 ",Regular
P042A201882,Chabot-Las Positas Community College District,,,,CA,,,,,120,"$261,888.00 ",STEM
P042A201867,Chabot-Las Positas Community College District/ Chabot College,,,,CA,,,,,140,"$261,888.00 ",ESL
P042A201895,Chabot-Las Positas Community College District/ Chabot College,,,,CA,,,,,160,"$275,105.00 ",Regular
P042A201620,Citrus Community College District,,,,CA,,,,,125,"$261,888.00 ",STEM
P042A201312,Clovis Community College Center,,,,CA,,,,,120,"$261,888.00 ",STEM
P042A201165,Clovis Community College Center,,,,CA,,,,,140,"$261,888.00 ",Regular
P042A200927,College of the Desert,,,,CA,,,,,120,"$261,888.00 ",Veterans
P042A200903,College of the Desert,,,,CA,,,,,175,"$335,109.00 ",Regular
P042A200905,College of the Desert,,,,CA,,,,,103,"$261,888.00 ",Disabled
P042A201217,College of the Siskiyous,,,,CA,,,,,180,"$316,443.00 ",Regular
P042A201589,Cosumnes River College,,,,CA,,,,,120,"$261,888.00 ",STEM
P042A201733,Cosumnes River College,,,,CA,,,,,140,"$261,888.00 ",Regular
P042A201391,Feather River Community College District,,,,CA,,,,,160,"$294,725.00 ",Regular
P042A201380,Fresno City College,,,,CA,,,,,160,"$294,725.00 ",Regular
P042A201119,Fresno City College,,,,CA,,,,,120,"$261,888.00 ",STEM
P042A201103,Hartnell Community College District,,,,CA,,,,,140,"$261,888.00 ",ESL
P042A201173,Hartnell Community College District,,,,CA,,,,,160,"$261,888.00 ",Regular
P042A201152,Humboldt State University,,,,CA,,,,,500,"$444,469.00 ",Regular
P042A200764,Imperial Community College District,,,,CA,,,,,325,"$502,386.00 ",Regular
P042A201285,Kern Community College District obo Bakersfield College,,,,CA,,,,,140,"$261,888.00 ",TeacherPrep
P042A200950,Lassen Community College District,,,,CA,,,,,140,"$261,888.00 ",Regular
P042A200039,Long Beach Community College District,,,,CA,,,,,100,"$275,105.00 ",Disabled
P042A200354,Los Angeles City College,,,,CA,,,,,160,"$335,110.00 ",Regular
P042A210947,Los Angeles Harbor,,,,CA,,,,,125,"$348,002.00 ",Disabled
P042A201696,Los Angeles Mission College,,,,CA,,,,,160,"$273,404.00 ",Regular
P042A201884,Los Angeles Southwest College,,,,CA,,,,,250,"$523,279.00 ",Regular
P042A201432,Los Angeles Southwest College,,,,CA,,,,,120,"$261,888.00 ",STEM
P042A201769,Los Angeles Valley College,,,,CA,,,,,165,"$275,105.00 ",Regular
P042A201050,Loyola Marymount University,,,,CA,,,,,140,"$261,888.00 ",Regular
P042A201308,Madera Community College Center,,,,CA,,,,,140,"$261,888.00 ",ESL
P042A200826,Mission College,,,,CA,,,,,120,"$261,888.00 ",STEM
P042A200815,Mission College,,,,CA,,,,,165,"$318,510.00 ",Regular
P042A201679,Modesto Junior College,,,,CA,,,,,258,"$335,109.00 ",Regular
P042A201213,Monterey Peninsula College,,,,CA,,,,,200,"$351,069.00 ",Regular
P042A201096,Mount St. Mary's College,,,,CA,,,,,232,"$329,719.00 ",Regular
P042A201207,Mt. San Antonio Community College District,,,,CA,,,,,140,"$261,888.00 ",Regular
P042A201827,Napa Valley Community College District,,,,CA,,,,,185,"$335,107.00 ",Regular
P042A201159,Palo Verde Community College District,,,,CA,,,,,100,"$261,888.00 ",Disabled
P042A201723,Palomar Community College District,,,,CA,,,,,225,"$354,577.00 ",Regular
P042A200855,Pasadena City College,,,,CA,,,,,206,"$348,002.00 ",Regular
P042A211018,Rancho Santiago CCD/ Santa Ana College,,,,CA,,,,,175,"$348,002.00 ",Regular
P042A221211,Rancho Santiago CCD/ Santiago Canyon College,,,,CA,,,,,140,"$261,888.00 ",
P042A201093,Rancho Santiago CCD/ Santiago Canyon College,,,,CA,,,,,120,"$261,888.00 ",Veterans
P042A200247,Redwoods Community College District,,,,CA,,,,,200,"$353,652.00 ",Regular
P042A200192,Redwoods Community College District,,,,CA,,,,,144,"$261,888.00 ",Regular
P042A201085,Reedley College,,,,CA,,,,,125,"$294,722.00 ",Disabled
P042A201459,Reedley College,,,,CA,,,,,140,"$261,888.00 ",ESL
P042A201549,Reedley College,,,,CA,,,,,140,"$261,888.00 ",Regular
P042A200439,Rio Hondo College,,,,CA,,,,,165,"$294,701.00 ",Regular
P042A200440,Rio Hondo College,,,,CA,,,,,124,"$261,888.00 ",STEM
P042A201940,Riverside Community College District,,,,CA,,,,,100,"$261,888.00 ",Disabled
P042A201946,Riverside Community College District/ Moreno Valley College,,,,CA,,,,,144,"$261,888.00 ",Regular
P042A201939,Riverside Community College District/ Norco College,,,,CA,,,,,160,"$275,105.00 ",Regular
P042A201918,Riverside Community College District/ Riverside City College,,,,CA,,,,,120,"$261,888.00 ",Veterans
P042A201920,Riverside Community College District/ Riverside City College,,,,CA,,,,,140,"$261,888.00 ",Regular
P042A201921,Riverside Community College District/ Riverside City College,,,,CA,,,,,100,"$261,888.00 ",Disabled
P042A201935,Riverside Community College District/Norco College,,,,CA,,,,,120,"$261,888.00 ",STEM
P042A201172,Saint Mary's College of California,,,,CA,,,,,160,"$261,881.00 ",Regular
P042A200976,San Bernardino Community College District,,,,CA,,,,,200,"$348,002.00 ",Regular
P042A201523,San Diego Mesa College,,,,CA,,,,,225,"$338,972.00 ",Regular
P042A201818,San Diego State University,,,,CA,,,,,225,"$335,110.00 ",Disabled
P042A200988,San Francisco Community College District,,,,CA,,,,,310,"$466,342.00 ",Regular
P042A200940,San Francisco State University,,,,CA,,,,,120,"$261,888.00 ",STEM
P042A201184,San Francisco State University,,,,CA,,,,,160,"$293,155.00 ",Regular
P042A201203,San Jose State University,,,,CA,,,,,258,"$509,776.00 ",Regular
P042A201785,San Mateo County Community College District/ Canada College,,,,CA,,,,,165,"$275,105.00 ",Regular
P042A201957,San Mateo County Community College/ Skyline College,,,,CA,,,,,330,"$590,821.00 ",Regular
P042A201130,Santa Ana College/ Rancho Santiago,,,,CA,,,,,120,"$261,888.00 ",Veterans
P042A201074,Santiago Canyon College,,,,CA,,,,,140,"$261,888.00 ",Regular
P042A200865,Shasta Tehama Trinity Community College District,,,,CA,,,,,180,"$335,110.00 ",Regular
P042A200220,Sierra Joint Unified College District,,,,CA,,,,,144,"$261,888.00 ",Regular
P042A201089,Simpson University,,,,CA,,,,,150,"$261,888.00 ",Regular
P042A201076,Sonoma State University,,,,CA,,,,,140,"$261,888.00 ",ESL
P042A210932,Sonoma State University,,,,CA,,,,,350,"$513,073.00 ",Regular
P042A201273,The Regents of the University of California,,,,CA,,,,,120,"$261,888.00 ",STEM
P042A200794,University of California,,,,CA,,,,,146,"$261,888.00 ",Regular
P042A201374,University of California/ Berkeley,,,,CA,,,,,320,"$548,798.00 ",Regular
P042A201453,University of California/ Berkeley,,,,CA,,,,,250,"$347,762.00 ",Disabled
P042A201779,University of California/ Davis,,,,CA,,,,,160,"$275,091.00 ",Regular
P042A200667,University of California/ La Jolla,,,,CA,,,,,206,"$348,002.00 ",Regular
P042A200359,University of California/ Riverside,,,,CA,,,,,140,"$261,888.00 ",Regular
P042A201845,University of the Pacific,,,,CA,,,,,200,"$338,956.00 ",Regular
P042A200201,Ventura County Community College District,,,,CA,,,,,140,"$261,888.00 ",Regular
P042A200808,West Hills College Coalinga/ West Hills College Firebaugh,,,,CA,,,,,189,"$322,553.00 ",Regular
P042A201592,West Los Angeles College,,,,CA,,,,,160,"$294,975.00 ",Regular
P042A201421,West Valley College,,,,CA,,,,,140,"$261,888.00 ",Regular
P042A200980,Woodland Community College,,,,CA,,,,,144,"$261,888.00 ",Regular
P042A201008,Woodland Community College,,,,CA,,,,,144,"$261,888.00 ",ESL
P042A200944,Yosemite Community College District,,,,CA,,,,,140,"$261,888.00 ",Regular
P042A201038,Yuba Community College District,,,,CA,,,,,140,"$261,888.00 ",Regular
P042A201040,Yuba Community College District,,,,CA,,,,,120,"$261,888.00 ",STEM
P042A201064,Adams State University,,,,CO,,,,,175,"$294,722.00 ",Regular
P042A200197,Aims Community College,,,,CO,,,,,160,"$275,105.00 ",Regular
P042A200207,Aims Community College,,,,CO,,,,,120,"$261,888.00 ",STEM
P042A211356,Board of Trustees of the University of Northern Colorado,,,,CO,,,,,200,"$336,272.00 ",Regular
P042A201204,Colorado Mesa University,,,,CO,,,,,150,"$261,888.00 ",Regular
P042A201468,Colorado Mesa University,,,,CO,,,,,120,"$261,888.00 ",STEM
P042A210434,Colorado Mountain College,,,,CO,,,,,160,"$333,312.00 ",Regular
P042A200553,Colorado Mountain College,,,,CO,,,,,140,"$261,888.00 ",Regular
P042A200839,Colorado State University,,,,CO,,,,,120,"$261,888.00 ",STEM
P042A220835,Colorado State University,,,,CO,,,,,275,"$449,116.00 ",
P042A200361,Colorado State University/ Pueblo,,,,CO,,,,,227,"$357,420.00 ",Regular
P042A200442,Community College of Aurora,,,,CO,,,,,160,"$261,886.00 ",Regular
P042A200714,Community College of Aurora,,,,CO,,,,,140,"$261,886.00 ",ESL
P042A201789,Community College of Denver,,,,CO,,,,,261,"$338,971.00 ",Regular
P042A201773,Fort Lewis College,,,,CO,,,,,120,"$261,888.00 ",STEM
P042A210351,Fort Lewis College,,,,CO,,,,,200,"$338,970.00 ",Regular
P042A201027,Front Range Community College,,,,CO,,,,,140,"$261,888.00 ",Regular
P042A200579,Front Range Community College,,,,CO,,,,,140,"$261,888.00 ",Regular
P042A200909,Metropolitan State College of Denver,,,,CO,,,,,200,"$338,840.00 ",Regular
P042A201188,Northeastern Junior College,,,,CO,,,,,180,"$285,902.00 ",Regular
P042A200036,Otero College,,,,CO,,,,,180,"$261,888.00 ",Regular
P042A201043,Pikes Peak Community College,,,,CO,,,,,144,"$275,105.00 ",Regular
P042A200066,Pueblo Community College,,,,CO,,,,,220,"$383,663.00 ",Regular
P042A200779,Red Rocks Community College,,,,CO,,,,,140,"$261,888.00 ",Regular
P042A200102,SBCCOE for the Use and Benefit of Arapahoe Community College,,,,CO,,,,,140,"$261,888.00 ",Regular
P042A201069,Trinidad State Junior College,,,,CO,,,,,250,"$428,545.00 ",Regular
P042A201061,Trinidad State Junior College/ Valley,,,,CO,,,,,144,"$261,888.00 ",Regular
P042A201790,University of Colorado/ Boulder,,,,CO,,,,,186,"$369,221.00 ",Regular
P042A201690,University of Colorado/ Denver,,,,CO,,,,,165,"$277,373.00 ",Regular
P042A201662,Central Connecticut State University,,,,CT,,,,,140,"$261,888.00 ",TeacherPrep
P042A201631,Central Connecticut State University,,,,CT,,,,,140,"$261,888.00 ",Regular
P042A201001,Community Technical College Manchester,,,,CT,,,,,140,"$261,888.00 ",Regular
P042A200115,Norwalk Community College,,,,CT,,,,,247,"$404,073.00 ",Regular
P042A200196,University of Bridgeport,,,,CT,,,,,140,"$261,886.00 ",Regular
P042A201446,University of Connecticut,,,,CT,,,,,225,"$347,999.00 ",Regular
P042A200771,University of Delaware,,,,DE,,,,,180,"$347,008.00 ",Regular
P042A210174,Board of Trustees of St. Petersburg College,,,,FL,,,,,167,"$335,110.00 ",Regular
P042A201094,Broward College,,,,FL,,,,,140,"$261,888.00 ",ESL
P042A201099,Broward College,,,,FL,,,,,100,"$261,888.00 ",Disabled
P042A200457,Broward College/ A. Hugh Adams Central,,,,FL,,,,,140,"$261,888.00 ",Regular
P042A200773,Broward College/ Judson A. Samuels South,,,,FL,,,,,140,"$261,888.00 ",Regular
P042A200663,Broward College/ North,,,,FL,,,,,140,"$261,888.00 ",Regular
P042A200379,Chipola College,,,,FL,,,,,144,"$261,888.00 ",Regular
P042A201223,College of Central Florida,,,,FL,,,,,227,"$376,098.00 ",Regular
P042A200275,Daytona State College,,,,FL,,,,,210,"$374,569.00 ",Regular
P042A200400,Eastern Florida State College,,,,FL,,,,,235,"$338,969.00 ",Regular
P042A200851,"Edward Waters College, Inc.",,,,FL,,,,,165,"$275,105.00 ",Regular
P042A201269,Florida A&M University,,,,FL,,,,,250,"$369,676.00 ",Regular
P042A200993,Florida Gateway College,,,,FL,,,,,140,"$261,888.00 ",Regular
P042A201006,Florida Gulf Coast University,,,,FL,,,,,165,"$294,725.00 ",Regular
P042A201007,Florida Gulf Coast University,,,,FL,,,,,124,"$253,769.00 ",STEM
P042A200642,Florida International University,,,,FL,,,,,165,"$261,888.00 ",Regular
P042A201521,Florida State College/ Jacksonville,,,,FL,,,,,160,"$261,888.00 ",STEM
P042A201533,Florida State University,,,,FL,,,,,140,"$261,888.00 ",STEM
P042A201512,Florida State University,,,,FL,,,,,140,"$261,888.00 ",Regular
P042A200042,Gulf Coast State College,,,,FL,,,,,196,"$295,648.00 ",Regular
P042A201208,Health Sciences Pathway of Broward College,,,,FL,,,,,120,"$261,888.00 ",STEM
P042A201473,Hillsborough Community College,,,,FL,,,,,206,"$378,237.00 ",Regular
P042A201658,Indian River State College,,,,FL,,,,,160,"$335,111.00 ",Regular
P042A201676,Miami Dade College/ Homestead,,,,FL,,,,,140,"$261,888.00 ",Regular
P042A200548,Miami Dade College/ North,,,,FL,,,,,172,"$274,883.00 ",Regular
P042A200697,Palm Beach State College,,,,FL,,,,,175,"$294,725.00 ",Regular
P042A200969,Palm Beach State College,,,,FL,,,,,120,"$261,888.00 ",Veterans
P042A201068,Pensacola State College,,,,FL,,,,,225,"$379,197.00 ",Regular
P042A201070,Pensacola State College,,,,FL,,,,,120,"$261,888.00 ",Veterans
P042A200380,Polk State College,,,,FL,,,,,161,"$261,888.00 ",Regular
P042A200506,Santa Fe College,,,,FL,,,,,206,"$335,111.00 ",Regular
P042A200898,Santa Fe College,,,,FL,,,,,120,"$261,888.00 ",Veterans
P042A201647,Santa Fe College,,,,FL,,,,,120,"$261,888.00 ",STEM
P042A201666,State College of Florida/ Manatee-Sarasota,,,,FL,,,,,140,"$261,888.00 ",Regular
P042A200592,University of Central Florida,,,,FL,,,,,124,"$261,888.00 ",STEM
P042A200615,University of Central Florida,,,,FL,,,,,144,"$261,888.00 ",Regular
P042A200780,University of Florida,,,,FL,,,,,144,"$261,888.00 ",Regular
P042A200336,University of South Florida/ Tampa,,,,FL,,,,,220,"$344,904.00 ",Regular
P042A200892,University of West Florida,,,,FL,,,,,200,"$347,828.00 ",Regular
P042A201860,Atlanta Metropolitan College,,,,GA,,,,,140,"$261,888.00 ",Regular
P042A201851,Atlanta Metropolitan College,,,,GA,,,,,120,"$261,888.00 ",STEM
P042A220784,Berry College,,,,GA,,,,,140,"$261,888.00 ",
P042A201280,Corporation of Mercer University,,,,GA,,,,,140,"$261,888.00 ",Regular
P042A200155,Fort Valley State University,,,,GA,,,,,140,"$261,887.00 ",Regular
P042A200316,Georgia Perimeter College/ Clarkston,,,,GA,,,,,140,"$261,888.00 ",Regular
P042A200341,Georgia Perimeter College/ Decatur,,,,GA,,,,,160,"$294,722.00 ",Regular
P042A201456,Georgia Southern University/ Armstrong,,,,GA,,,,,140,"$261,888.00 ",Regular
P042A200346,Georgia State University,,,,GA,,,,,140,"$261,888.00 ",Regular
P042A200583,Georgia State University,,,,GA,,,,,200,"$348,006.00 ",Regular
P042A200541,Georgia State University,,,,GA,,,,,120,"$261,888.00 ",STEM
P042A200330,"Georgia State University Research Foundation, Inc.",,,,GA,,,,,140,"$261,888.00 ",Regular
P042A200320,"Georgia State University Research Foundation, Inc.",,,,GA,,,,,140,"$261,888.00 ",Regular
P042A201281,Mercer University,,,,GA,,,,,140,"$261,888.00 ",Regular
P042A200853,Paine College,,,,GA,,,,,140,"$285,654.00 ",Regular
P042A201836,Savannah State University,,,,GA,,,,,182,"$348,002.00 ",Regular
P042A201268,University of Georgia,,,,GA,,,,,120,"$261,888.00 ",STEM
P042A201266,University of Georgia,,,,GA,,,,,140,"$261,888.00 ",Regular
P042A200445,University of Guam,,,,GU,,,,,160,"$335,111.00 ",Regular
P042A200966,University of Hawaii,,,,HI,,,,,160,"$274,137.00 ",Regular
P042A210721,University of Hawaii,,,,HI,,,,,250,"$439,290.00 ",Regular
P042A221502,University of Hawaii,,,,HI,,,,,140,"$261,888.00 ",
P042A210972,University of Hawaii,,,,HI,,,,,200,"$347,566.00 ",Regular
P042A200449,University of Hawaii/ Kapiolani Community College,,,,HI,,,,,206,"$383,728.00 ",Regular
P042A200695,University of Hawaii/ Manoa,,,,HI,,,,,265,"$455,364.00 ",Regular
P042A201487,University of Hawaii/ Maui Community College,,,,HI,,,,,160,"$293,417.00 ",Regular
P042A201361,Briar Cliff University,,,,IA,,,,,200,"$333,505.00 ",Regular
P042A200022,Central College,,,,IA,,,,,200,"$338,972.00 ",Regular
P042A200684,Coe College,,,,IA,,,,,216,"$338,972.00 ",Regular
P042A200339,Des Moines Area Community College,,,,IA,,,,,220,"$391,724.00 ",Regular
P042A200143,Eastern Iowa Community College District,,,,IA,,,,,190,"$332,615.00 ",Regular
P042A200937,Graceland University,,,,IA,,,,,180,"$348,002.00 ",Regular
P042A201562,Indian Hills Community College,,,,IA,,,,,225,"$338,504.00 ",Regular
P042A200733,Iowa Central Community College,,,,IA,,,,,175,"$294,722.00 ",Regular
P042A200092,Iowa Lakes Community College,,,,IA,,,,,200,"$335,086.00 ",Regular
P042A201577,Iowa State University,,,,IA,,,,,250,"$395,073.00 ",Regular
P042A200026,Iowa Valley Community College District,,,,IA,,,,,120,"$224,429.00 ",Regular
P042A200027,Iowa Valley Community College District,,,,IA,,,,,100,"$173,026.00 ",Regular
P042A201757,Iowa Western Community College,,,,IA,,,,,175,"$338,135.00 ",Regular
P042A201420,Kirkwood Community College,,,,IA,,,,,140,"$261,888.00 ",ESL
P042A200577,Kirkwood Community College,,,,IA,,,,,175,"$338,972.00 ",Regular
P042A200610,Luther College,,,,IA,,,,,165,"$338,972.00 ",Regular
P042A200177,North Iowa Area Community College,,,,IA,,,,,200,"$348,002.00 ",Regular
P042A200560,Northeast Iowa Community College,,,,IA,,,,,160,"$275,105.00 ",Regular
P042A200524,Northwest Iowa Community College,,,,IA,,,,,160,"$287,651.00 ",Regular
P042A200007,Simpson College,,,,IA,,,,,160,"$266,782.00 ",Regular
P042A200099,Southeastern Community College,,,,IA,,,,,225,"$380,984.00 ",Regular
P042A200258,Southwestern Community College,,,,IA,,,,,180,"$312,549.00 ",Regular
P042A200159,University of Dubuque,,,,IA,,,,,140,"$254,258.00 ",Regular
P042A200818,University of Iowa,,,,IA,,,,,350,"$413,556.00 ",Regular
P042A200926,Western Iowa Tech Community College,,,,IA,,,,,140,"$261,888.00 ",Regular
P042A200913,Western Iowa Tech Community College,,,,IA,,,,,175,"$335,057.00 ",Regular
P042A200887,Boise State University,,,,ID,,,,,100,"$261,888.00 ",Disabled
P042A201715,Boise State University,,,,ID,,,,,180,"$398,299.00 ",Regular
P042A201731,Boise State University,,,,ID,,,,,125,"$233,781.00 ",TeacherPrep
P042A200877,Boise State University,,,,ID,,,,,120,"$261,888.00 ",Veterans
P042A200881,Boise State University,,,,ID,,,,,120,"$261,888.00 ",STEM
P042A200819,Idaho State University,,,,ID,,,,,250,"$340,859.00 ",Regular
P042A200236,North Idaho College,,,,ID,,,,,160,"$294,725.00 ",Regular
P042A201345,University of Idaho,,,,ID,,,,,232,"$387,188.00 ",Regular
P042A200315,Augustana College,,,,IL,,,,,140,"$261,888.00 ",Regular
P042A200804,Black Hawk College,,,,IL,,,,,215,"$384,194.00 ",Regular
P042A200040,Carl Sandburg College,,,,IL,,,,,140,"$261,888.00 ",Regular
P042A200487,College of Lake County/ Grayslake & Lakeshore,,,,IL,,,,,140,"$261,888.00 ",Regular
P042A200722,Columbia College Chicago,,,,IL,,,,,160,"$335,110.00 ",Regular
P042A200459,Community College District #522,,,,IL,,,,,160,"$288,824.00 ",Regular
P042A200175,Danville Area Community College,,,,IL,,,,,190,"$335,110.00 ",Regular
P042A201808,Depaul University,,,,IL,,,,,200,"$321,822.00 ",Regular
P042A200410,Dominican University,,,,IL,,,,,148,"$261,888.00 ",Regular
P042A201555,Eastern Illinois University,,,,IL,,,,,175,"$292,899.00 ",Regular
P042A200756,Elgin Community College,,,,IL,,,,,144,"$261,888.00 ",ESL
P042A200757,Elgin Community College,,,,IL,,,,,362,"$501,659.00 ",Regular
P042A200869,Harold Washington College,,,,IL,,,,,160,"$261,888.00 ",Regular
P042A201393,Harry S Truman College,,,,IL,,,,,160,"$261,888.00 ",Regular
P042A201754,Heartland Community College,,,,IL,,,,,170,"$275,104.00 ",Regular
P042A200286,Highland Community College,,,,IL,,,,,275,"$344,538.00 ",Regular
P042A200885,Illinois Central College,,,,IL,,,,,250,"$376,031.00 ",Regular
P042A201002,Illinois College,,,,IL,,,,,140,"$261,888.00 ",Regular
P042A200274,Illinois Eastern Community Colleges,,,,IL,,,,,190,"$348,002.00 ",Regular
P042A201478,Illinois State University,,,,IL,,,,,232,"$309,457.00 ",Regular
P042A200807,Illinois Valley Community College,,,,IL,,,,,165,"$334,090.00 ",Regular
P042A200753,John A. Logan College,,,,IL,,,,,200,"$325,706.00 ",Regular
P042A200003,John Wood Community College,,,,IL,,,,,175,"$374,976.00 ",Regular
P042A200786,Joliet Junior College,,,,IL,,,,,200,"$450,402.00 ",Regular
P042A200558,Kankakee Community College,,,,IL,,,,,155,"$335,110.00 ",Regular
P042A200312,Kaskaskia College,,,,IL,,,,,140,"$261,888.00 ",Regular
P042A200224,Kishwaukee College,,,,IL,,,,,140,"$261,888.00 ",Regular
P042A201075,Knox College,,,,IL,,,,,185,"$360,371.00 ",Regular
P042A200707,Lake Land College,,,,IL,,,,,160,"$275,105.00 ",Regular
P042A200433,Lincoln Land Community College,,,,IL,,,,,140,"$261,888.00 ",Regular
P042A201465,Loyola University/ Chicago,,,,IL,,,,,140,"$254,444.00 ",Regular
P042A201422,Malcolm X College,,,,IL,,,,,160,"$270,457.00 ",Regular
P042A200555,Moraine Valley Community College,,,,IL,,,,,160,"$294,725.00 ",Regular
P042A200421,Northeastern Illinois University,,,,IL,,,,,140,"$261,888.00 ",Regular
P042A200185,Northeastern Illinois University,,,,IL,,,,,100,"$261,888.00 ",Disabled
P042A201475,Northeastern Illinois University,,,,IL,,,,,140,"$261,888.00 ",TeacherPrep
P042A201866,Northern Illinois University,,,,IL,,,,,140,"$261,888.00 ",Regular
P042A200841,Oakton Community College/ Skokie & Des Plaines,,,,IL,,,,,215,"$348,561.00 ",Regular
P042A200141,Parkland College,,,,IL,,,,,180,"$335,111.00 ",Regular
P042A200600,Prairie State College,,,,IL,,,,,165,"$261,888.00 ",Regular
P042A200613,Rend Lake College,,,,IL,,,,,160,"$317,998.00 ",Regular
P042A201753,Rock Valley College,,,,IL,,,,,100,"$261,888.00 ",Disabled
P042A201758,Rock Valley College,,,,IL,,,,,140,"$261,888.00 ",Regular
P042A201295,Roosevelt University,,,,IL,,,,,120,"$261,888.00 ",STEM
P042A201196,Saint Xavier University,,,,IL,,,,,204,"$348,000.00 ",Regular
P042A200528,Sauk Valley Community College,,,,IL,,,,,200,"$309,455.00 ",Regular
P042A200495,Shawnee Community College,,,,IL,,,,,160,"$338,972.00 ",Regular
P042A200401,Southeastern Illinois College,,,,IL,,,,,165,"$340,815.00 ",Regular
P042A201635,Southern Illinois University/ Carbondale,,,,IL,,,,,160,"$334,937.00 ",Regular
P042A200726,Spoon River College,,,,IL,,,,,140,"$261,888.00 ",Regular
P042A211354,The Board of Trustees of the University of Illinois,,,,IL,,,,,160,"$293,285.00 ",Regular
P042A201482,Triton College,,,,IL,,,,,165,"$261,888.00 ",Regular
P042A201674,University of Illinois/ Urbana-Champaign,,,,IL,,,,,258,"$338,337.00 ",Regular
P042A200157,Waubonsee Community College,,,,IL,,,,,200,"$304,324.00 ",Regular
P042A200097,Indiana Wesleyan University,,,,IN,,,,,160,"$332,996.00 ",Regular
P042A200749,Ivy Tech Community College of Indiana dba Ivy Tech Richmond,,,,IN,,,,,160,"$261,888.00 ",Regular
P042A201222,Ivy Tech Community College/ Coliseum & North,,,,IN,,,,,160,"$275,105.00 ",Regular
P042A201220,Ivy Tech Community College/ Indianapolis,,,,IN,,,,,160,"$275,105.00 ",Regular
P042A200690,Ivy Tech Community College/ Northwest,,,,IN,,,,,165,"$261,888.00 ",Regular
P042A200387,Purdue University,,,,IN,,,,,140,"$261,888.00 ",Regular
P042A201619,Purdue University,,,,IN,,,,,340,"$438,446.00 ",Regular
P042A201616,Purdue University,,,,IN,,,,,195,"$345,099.00 ",Regular
P042A201571,Trustees of Indiana University,,,,IN,,,,,300,"$350,319.00 ",Regular
P042A201355,Trustees of Indiana University,,,,IN,,,,,309,"$323,329.00 ",Regular
P042A200415,University of Saint Francis,,,,IN,,,,,140,"$261,888.00 ",Regular
P042A200549,University of Southern Indiana,,,,IN,,,,,140,"$261,888.00 ",Regular
P042A200169,Vincennes University,,,,IN,,,,,125,"$261,888.00 ",Disabled
P042A200182,Vincennes University,,,,IN,,,,,255,"$400,727.00 ",Regular
P042A201353,Barton County Community College,,,,KS,,,,,200,"$367,531.00 ",Regular
P042A200838,Cloud County Community College,,,,KS,,,,,160,"$275,105.00 ",Regular
P042A200121,Colby Community College,,,,KS,,,,,200,"$272,730.00 ",Regular
P042A210297,Cowley County Community College & Area Vocational Technical,,,,KS,,,,,160,"$335,110.00 ",Regular
P042A200085,Dodge City Community College,,,,KS,,,,,144,"$261,888.00 ",Regular
P042A200657,Donnelly College,,,,KS,,,,,240,"$315,154.00 ",Regular
P042A200110,Emporia State University,,,,KS,,,,,165,"$338,971.00 ",Regular
P042A200941,Fort Scott Community College,,,,KS,,,,,150,"$260,839.00 ",Regular
P042A200124,Garden City Community College,,,,KS,,,,,200,"$327,697.00 ",Regular
P042A201654,Haskell Indian Nations University,,,,KS,,,,,175,"$294,725.00 ",Regular
P042A200790,Highland Community College,,,,KS,,,,,140,"$261,888.00 ",Regular
P042A200717,Independence Community College,,,,KS,,,,,165,"$252,064.00 ",Regular
P042A201371,Kansas State University,,,,KS,,,,,300,"$343,522.00 ",Regular
P042A201250,Kansas State University/ Salina,,,,KS,,,,,160,"$264,450.00 ",Regular
P042A200028,Labette Community College,,,,KS,,,,,185,"$308,275.00 ",Regular
P042A200122,Neosho County Community College,,,,KS,,,,,165,"$332,077.00 ",Regular
P042A200580,Seward County Community College,,,,KS,,,,,160,"$275,105.00 ",Regular
P042A201664,"University of Kansas Center for Research, Inc.",,,,KS,,,,,120,"$261,888.00 ",STEM
P042A211632,"University of Kansas Center for Research, Inc.",,,,KS,,,,,250,"$340,088.00 ",Regular
P042A201364,Wichita State University,,,,KS,,,,,250,"$494,929.00 ",Regular
P042A200901,Wichita State University,,,,KS,,,,,115,"$294,725.00 ",Disabled
P042A200623,Wichita State University/ Campus of Applied Sciences and Tech,,,,KS,,,,,140,"$261,888.00 ",Regular
P042A200206,Ashland Community & Technical College,,,,KY,,,,,175,"$338,972.00 ",Regular
P042A200705,Berea College,,,,KY,,,,,140,"$261,888.00 ",Regular
P042A201117,Bluegrass Community & Technical College,,,,KY,,,,,144,"$261,888.00 ",Regular
P042A200353,Bluegrass Community & Technical College/ Danville,,,,KY,,,,,140,"$261,888.00 ",Regular
P042A200700,Eastern Kentucky University,,,,KY,,,,,206,"$401,815.00 ",Regular
P042A200655,Elizabethtown Community & Technical College,,,,KY,,,,,185,"$311,063.00 ",Regular
P042A201102,Gateway Community & Technical College,,,,KY,,,,,200,"$275,101.00 ",Regular
P042A200576,Hopkinsville Community College/ KCTCS,,,,KY,,,,,212,"$338,417.00 ",Regular
P042A201736,Kentucky State University,,,,KY,,,,,145,"$261,889.00 ",Regular
P042A200096,Madisonville Community College,,,,KY,,,,,170,"$333,880.00 ",Regular
P042A200342,Maysville Community & Technical College,,,,KY,,,,,160,"$275,105.00 ",Regular
P042A200136,Morehead State University,,,,KY,,,,,221,"$393,206.00 ",Regular
P042A200509,Murray State University,,,,KY,,,,,186,"$315,227.00 ",Regular
P042A201236,Northern Kentucky University Research Foundation,,,,KY,,,,,225,"$405,303.00 ",Regular
P042A200311,Owensboro Community & Technical College,,,,KY,,,,,144,"$261,888.00 ",Regular
P042A200644,Somerset Community College,,,,KY,,,,,140,"$261,888.00 ",Regular
P042A201185,Southcentral Kentucky Community and Technical College,,,,KY,,,,,140,"$261,888.00 ",Regular
P042A200317,Southeast Kentucky Community & Technical College,,,,KY,,,,,140,"$337,999.00 ",Regular
P042A200131,Union College,,,,KY,,,,,182,"$348,002.00 ",Regular
P042A200323,University of Kentucky,,,,KY,,,,,160,"$337,668.00 ",Regular
P042A200371,University of Louisville,,,,KY,,,,,144,"$261,888.00 ",Regular
P042A200144,University of Pikeville,,,,KY,,,,,165,"$294,725.00 ",Regular
P042A201237,Western Kentucky University,,,,KY,,,,,100,"$261,888.00 ",Disabled
P042A210661,Western Kentucky University,,,,KY,,,,,225,"$348,002.00 ",Regular
P042A200691,Delgado Community College,,,,LA,,,,,140,"$261,888.00 ",Regular
P042A200448,Dillard University,,,,LA,,,,,140,"$212,713.00 ",Regular
P042A201301,Louisiana State University and A&M College,,,,LA,,,,,288,"$401,131.00 ",Regular
P042A201129,Loyola University New Orleans,,,,LA,,,,,140,"$261,888.00 ",Regular
P042A201608,Northwestern State University,,,,LA,,,,,360,"$481,134.00 ",Regular
P042A200269,River Parishes Community College,,,,LA,,,,,140,"$261,888.00 ",Regular
P042A201590,Southeastern Louisiana University,,,,LA,,,,,250,"$400,987.00 ",Regular
P042A200566,Southern University/ New Orleans,,,,LA,,,,,300,"$564,585.00 ",Regular
P042A200533,Southern University/ Shreveport,,,,LA,,,,,258,"$435,675.00 ",Regular
P042A200501,University of Louisiana/ Lafayette,,,,LA,,,,,400,"$735,025.00 ",Regular
P042A201331,University of Louisiana/ Lafayette,,,,LA,,,,,100,"$261,888.00 ",Disabled
P042A201334,University of Louisiana/ Lafayette,,,,LA,,,,,140,"$261,888.00 ",TeacherPrep
P042A201383,University of Louisiana/ Lafayette,,,,LA,,,,,120,"$261,888.00 ",STEM
P042A201439,University of Louisiana/ Monroe,,,,LA,,,,,140,"$261,888.00 ",Regular
P042A201336,University of Lousiana/ Lafayette,,,,LA,,,,,120,"$261,888.00 ",Veterans
P042A211740,University of New Orleans,,,,LA,,,,,200,"$323,716.00 ",Regular
P042A200730,Berkshire Community College,,,,MA,,,,,165,"$294,725.00 ",Regular
P042A200844,Boston College,,,,MA,,,,,200,"$338,659.00 ",Regular
P042A201627,Brandeis University,,,,MA,,,,,150,"$348,003.00 ",Regular
P042A200589,Bunker Hill Community College,,,,MA,,,,,175,"$318,951.00 ",Regular
P042A200225,Cape Cod Community College,,,,MA,,,,,175,"$333,774.00 ",Regular
P042A200098,Fitchburg State University,,,,MA,,,,,160,"$292,893.00 ",Regular
P042A201689,Holyoke Community College,,,,MA,,,,,224,"$406,913.00 ",Regular
P042A221706,Holyoke Community College,,,,MA,,,,,120,"$261,888.00 ",
P042A201517,Massachusetts College of Liberal Arts,,,,MA,,,,,160,"$261,888.00 ",Regular
P042A200492,Massasoit Community College/ Brockton & Canton,,,,MA,,,,,180,"$335,110.00 ",Regular
P042A201572,Middlesex Community College,,,,MA,,,,,100,"$286,163.00 ",Disabled
P042A201709,Middlesex Community College,,,,MA,,,,,200,"$370,605.00 ",Regular
P042A210306,Mount Wachusett Community College,,,,MA,,,,,200,"$450,550.00 ",Regular
P042A200995,Mount Wachusett Community College,,,,MA,,,,,120,"$261,888.00 ",STEM
P042A200164,Mount Wachusett Community College,,,,MA,,,,,100,"$261,888.00 ",Disabled
P042A200325,North Shore Community College,,,,MA,,,,,350,"$568,686.00 ",Regular
P042A210430,Northern Essex Community College,,,,MA,,,,,258,"$435,639.00 ",Regular
P042A200503,Quinsigamond Community College,,,,MA,,,,,140,"$261,888.00 ",Regular
P042A201057,Salem State College,,,,MA,,,,,325,"$536,298.00 ",Regular
P042A201612,Springfield Technical Community College,,,,MA,,,,,247,"$322,227.00 ",Regular
P042A211693,University of Massachusetts/ Boston,,,,MA,,,,,500,"$509,939.00 ",Regular
P042A201224,University of Massachusetts/ Dartmouth,,,,MA,,,,,270,"$465,442.00 ",Regular
P042A200281,Westfield State College,,,,MA,,,,,160,"$314,604.00 ",Regular
P042A200059,Allegany College/ Maryland,,,,MD,,,,,140,"$261,888.00 ",Regular
P042A201638,Baltimore City Community College,,,,MD,,,,,230,"$399,317.00 ",Regular
P042A200076,Chesapeake College,,,,MD,,,,,120,"$261,888.00 ",STEM
P042A200077,Chesapeake College,,,,MD,,,,,215,"$381,941.00 ",Regular
P042A200848,Community College of Baltimore County,,,,MD,,,,,200,"$348,428.00 ",Regular
P042A200871,Community College of Baltimore County,,,,MD,,,,,200,"$336,339.00 ",Regular
P042A200113,Frostburg State University,,,,MD,,,,,275,"$396,320.00 ",Regular
P042A201907,Hagerstown Community College,,,,MD,,,,,175,"$261,887.00 ",Regular
P042A200499,Montgomery College,,,,MD,,,,,175,"$275,105.00 ",Regular
P042A201063,Prince George's Community College,,,,MD,,,,,275,"$423,402.00 ",Regular
P042A200679,Salisbury University,,,,MD,,,,,150,"$261,888.00 ",Regular
P042A201630,University of Maryland/ College Park,,,,MD,,,,,350,"$471,019.00 ",Regular
P042A201167,Wor-Wic Community College,,,,MD,,,,,144,"$261,888.00 ",Regular
P042A200813,Central Maine Community College,,,,ME,,,,,120,"$261,888.00 ",STEM
P042A200190,Central Maine Community College,,,,ME,,,,,175,"$335,111.00 ",Regular
P042A200783,Eastern Maine Community College,,,,ME,,,,,150,"$261,888.00 ",Regular
P042A200300,Kennebec Valley Community College,,,,ME,,,,,180,"$338,972.00 ",Regular
P042A200285,Northern Maine Community College,,,,ME,,,,,175,"$294,722.00 ",Regular
P042A200409,Southern Maine Community College,,,,ME,,,,,100,"$261,888.00 ",Disabled
P042A200202,Southern Maine Community College,,,,ME,,,,,140,"$261,888.00 ",Regular
P042A200521,Thomas College,,,,ME,,,,,140,"$259,491.00 ",Regular
P042A200647,University of Maine/ Augusta,,,,ME,,,,,340,"$544,741.00 ",Regular
P042A200294,University of Maine/ Farmington,,,,ME,,,,,180,"$338,971.00 ",Regular
P042A201514,University of Maine/ Fort Kent,,,,ME,,,,,165,"$343,051.00 ",Regular
P042A200694,University of Maine/ Orono,,,,ME,,,,,400,"$668,084.00 ",Regular
P042A201822,University of Maine/ Presque Isle,,,,ME,,,,,180,"$358,735.00 ",Regular
P042A200792,University of Southern Maine,,,,ME,,,,,120,"$261,888.00 ",STEM
P042A200106,University of Southern Maine,,,,ME,,,,,140,"$261,888.00 ",Regular
P042A201386,Washington County Community College,,,,ME,,,,,160,"$291,262.00 ",Regular
P042A200088,Adrian College,,,,MI,,,,,165,"$338,972.00 ",Regular
P042A201194,Albion College,,,,MI,,,,,140,"$261,888.00 ",Regular
P042A200693,Aquinas College,,,,MI,,,,,160,"$284,085.00 ",Regular
P042A200604,Bay De Noc Community College,,,,MI,,,,,160,"$348,028.00 ",Regular
P042A200326,Bay Mills Community College,,,,MI,,,,,170,"$294,722.00 ",Regular
P042A201636,Calvin University,,,,MI,,,,,100,"$187,025.00 ",Regular
P042A200082,Eastern Michigan University,,,,MI,,,,,80,"$174,561.00 ",Veterans
P042A200711,Eastern Michigan University,,,,MI,,,,,140,"$261,888.00 ",Regular
P042A201786,Finlandia University,,,,MI,,,,,180,"$341,167.00 ",Regular
P042A200745,Glen Oaks Community College,,,,MI,,,,,140,"$261,888.00 ",Regular
P042A200681,Gogebic Community College,,,,MI,,,,,160,"$294,719.00 ",Regular
P042A201279,Grand Rapids Community College,,,,MI,,,,,120,"$261,888.00 ",STEM
P042A201122,Grand Rapids Community College,,,,MI,,,,,475,"$461,357.00 ",Regular
P042A201233,Grand Valley State University,,,,MI,,,,,215,"$372,207.00 ",Regular
P042A200770,Grand Valley State University,,,,MI,,,,,140,"$261,888.00 ",TeacherPrep
P042A200788,Grand Valley State University,,,,MI,,,,,120,"$261,888.00 ",STEM
P042A200068,Jackson College,,,,MI,,,,,150,"$261,888.00 ",Regular
P042A201084,Kellogg Community College,,,,MI,,,,,250,"$420,005.00 ",Regular
P042A201246,Lake Michigan College,,,,MI,,,,,200,"$335,085.00 ",Regular
P042A201455,Madonna University,,,,MI,,,,,170,"$247,034.00 ",Regular
P042A200787,Michigan State University,,,,MI,,,,,600,"$785,168.00 ",Regular
P042A200209,Mid Michigan Community College,,,,MI,,,,,140,"$260,724.00 ",Regular
P042A200820,Mott Community College,,,,MI,,,,,227,"$420,606.00 ",Regular
P042A200061,Northern Michigan University,,,,MI,,,,,216,"$357,418.00 ",Regular
P042A201230,Regents of the University of Michigan,,,,MI,,,,,140,"$261,888.00 ",Regular
P042A220689,Saginaw Valley State University,,,,MI,,,,,140,"$261,888.00 ",
P042A200270,Siena Heights University,,,,MI,,,,,160,"$338,336.00 ",Regular
P042A200978,St. Clair County Community College,,,,MI,,,,,140,"$261,888.00 ",Regular
P042A201971,University of Detroit Mercy,,,,MI,,,,,140,"$261,888.00 ",Regular
P042A201551,Wayne County Community College District,,,,MI,,,,,250,"$462,472.00 ",Regular
P042A201333,Wayne State University,,,,MI,,,,,120,"$261,888.00 ",Veterans
P042A221595,Wayne State University,,,,MI,,,,,100,"$261,888.00 ",
P042A200331,Western Michigan University,,,,MI,,,,,140,"$261,888.00 ",TeacherPrep
P042A200480,Western Michigan University,,,,MI,,,,,210,"$338,972.00 ",Regular
P042A200451,Anoka Ramsey Community College/ Coon Rapids,,,,MN,,,,,180,"$348,002.00 ",Regular
P042A200450,Anoka-Ramsey Community College,,,,MN,,,,,140,"$261,888.00 ",Regular
P042A200305,Augsburg College,,,,MN,,,,,160,"$294,722.00 ",Regular
P042A210165,Bemidji State University,,,,MN,,,,,350,"$512,912.00 ",Regular
P042A201604,Carleton College,,,,MN,,,,,140,"$290,059.00 ",Regular
P042A200957,Central Lakes College,,,,MN,,,,,180,"$280,024.00 ",Regular
P042A200020,Century College,,,,MN,,,,,120,"$261,888.00 ",Veterans
P042A200014,Century College,,,,MN,,,,,206,"$385,253.00 ",Regular
P042A200514,"College of St. Scholastica, Inc.",,,,MN,,,,,175,"$338,973.00 ",Regular
P042A200259,Dakota County Technical College,,,,MN,,,,,160,"$294,719.00 ",Regular
P042A211641,Fond du Lac Tribal and Community College,,,,MN,,,,,175,"$338,972.00 ",Regular
P042A200211,Hennepin Technical College,,,,MN,,,,,140,"$261,888.00 ",ESL
P042A200204,Hennepin Technical College,,,,MN,,,,,140,"$261,888.00 ",Regular
P042A201314,Inver Hills Community College,,,,MN,,,,,140,"$261,888.00 ",Regular
P042A200461,Lake Superior College,,,,MN,,,,,216,"$348,002.00 ",Regular
P042A200664,Metropolitan State University,,,,MN,,,,,160,"$294,725.00 ",Regular
P042A201284,Metropolitan State University,,,,MN,,,,,100,"$261,888.00 ",Disabled
P042A201526,Metropolitan State University,,,,MN,,,,,120,"$261,888.00 ",STEM
P042A201911,Minneapolis Community & Technical College,,,,MN,,,,,225,"$404,791.00 ",Regular
P042A201904,Minneapolis Community & Technical College,,,,MN,,,,,140,"$253,769.00 ",ESL
P042A201890,Minneapolis Community & Technical College,,,,MN,,,,,100,"$253,769.00 ",Disabled
P042A200189,Minnesota State University/ Mankato,,,,MN,,,,,175,"$383,340.00 ",Regular
P042A201448,Normandale Community College,,,,MN,,,,,144,"$261,888.00 ",Regular
P042A200385,North Hennepin Community College,,,,MN,,,,,230,"$425,406.00 ",Regular
P042A200650,North Hennepin Community College,,,,MN,,,,,120,"$261,888.00 ",STEM
P042A210017,Northeast Higher Education District,,,,MN,,,,,1000,"$1,651,388.00 ",Regular
P042A210588,Regents of the University of Minnesota,,,,MN,,,,,270,"$395,739.00 ",Regular
P042A200475,Ridgewater College,,,,MN,,,,,175,"$274,074.00 ",Regular
P042A201218,Riverland Community College,,,,MN,,,,,140,"$261,888.00 ",Regular
P042A200942,Rochester Community & Technical College,,,,MN,,,,,250,"$451,625.00 ",Regular
P042A200765,Saint Paul College,,,,MN,,,,,140,"$261,888.00 ",Regular
P042A200669,South Central College,,,,MN,,,,,140,"$261,888.00 ",Regular
P042A200777,St. Catherine University,,,,MN,,,,,140,"$261,888.00 ",Regular
P042A200975,St. Cloud State University,,,,MN,,,,,140,"$261,888.00 ",Regular
P042A201793,St. Cloud Technical College,,,,MN,,,,,180,"$306,037.00 ",Regular
P042A200154,St. Olaf College,,,,MN,,,,,172,"$294,725.00 ",Regular
P042A200065,St. Olaf College,,,,MN,,,,,100,"$261,888.00 ",Disabled
P042A200469,University of Minnesota,,,,MN,,,,,140,"$261,888.00 ",Regular
P042A200240,Winona State University,,,,MN,,,,,100,"$261,888.00 ",Disabled
P042A200241,Winona State University,,,,MN,,,,,225,"$347,913.00 ",Regular
P042A200849,Avila University,,,,MO,,,,,150,"$261,888.00 ",Regular
P042A200287,Columbia College,,,,MO,,,,,172,"$275,104.00 ",Regular
P042A200010,Crowder College,,,,MO,,,,,140,"$261,888.00 ",Regular
P042A210049,Crowder College,,,,MO,,,,,175,"$338,972.00 ",Regular
P042A200019,Crowder College/ Cassville,,,,MO,,,,,140,"$261,888.00 ",Regular
P042A200031,Crowder College/ Nevada,,,,MO,,,,,140,"$261,888.00 ",Regular
P042A201433,Harris-Stowe State University,,,,MO,,,,,155,"$261,888.00 ",Regular
P042A200587,Jefferson College District of Jefferson County,,,,MO,,,,,160,"$306,036.00 ",Regular
P042A201738,Junior College District of Metropolitan/ Kansas City,,,,MO,,,,,250,"$433,973.00 ",Regular
P042A200135,Mineral Area College,,,,MO,,,,,200,"$335,110.00 ",Regular
P042A200383,Missouri Southern State University,,,,MO,,,,,175,"$294,701.00 ",Regular
P042A200428,North Central Missouri College,,,,MO,,,,,160,"$294,722.00 ",Regular
P042A200829,Northwest Missouri State University,,,,MO,,,,,180,"$348,002.00 ",Regular
P042A200914,Southeast Missouri State University,,,,MO,,,,,200,"$378,022.00 ",Regular
P042A200313,St. Louis Community College/ Florissant Valley,,,,MO,,,,,160,"$275,086.00 ",Regular
P042A200319,St. Louis Community College/ Forest Park,,,,MO,,,,,144,"$253,769.00 ",Regular
P042A200307,St. Louis Community College/ Meramec,,,,MO,,,,,160,"$253,491.00 ",Regular
P042A200120,State Fair Community College,,,,MO,,,,,160,"$293,861.00 ",Regular
P042A201817,The Curators of the University of Missouri on behalf of UMSL,,,,MO,,,,,140,"$261,888.00 ",Regular
P042A200725,Three Rivers Community College,,,,MO,,,,,250,"$344,240.00 ",Regular
P042A201685,University of Missouri/ Columbia,,,,MO,,,,,670,"$723,169.00 ",Regular
P042A201813,Washington University in St. Louis,,,,MO,,,,,206,"$406,534.00 ",Regular
P042A201257,Alcorn State University,,,,MS,,,,,206,"$392,322.00 ",Regular
P042A200381,Copiah-Lincoln Community College,,,,MS,,,,,165,"$338,971.00 ",Regular
P042A200890,Hinds Community College,,,,MS,,,,,181,"$329,897.00 ",Regular
P042A200481,Holmes Community College,,,,MS,,,,,200,"$337,287.00 ",Regular
P042A201296,Jackson State University,,,,MS,,,,,120,"$261,888.00 ",STEM
P042A201305,Jackson State University,,,,MS,,,,,140,"$261,888.00 ",Regular
P042A221307,Jackson State University,,,,MS,,,,,140,"$261,888.00 ",
P042A200232,Mississippi State University,,,,MS,,,,,160,"$292,898.00 ",Regular
P042A201623,Mississippi Valley State University,,,,MS,,,,,200,"$305,957.00 ",Regular
P042A210895,Northwest Mississippi Community College,,,,MS,,,,,165,"$334,571.00 ",Regular
P042A200727,Pearl River Community College,,,,MS,,,,,165,"$372,972.00 ",Regular
P042A201625,University of Southern Mississippi,,,,MS,,,,,201,"$306,037.00 ",Regular
P042A200551,Aaniiih Nakoda College,,,,MT,,,,,110,"$205,727.00 ",Regular
P042A201109,Chief Dull Knife College,,,,MT,,,,,100,"$168,312.00 ",Regular
P042A200653,Flathead Valley Community College,,,,MT,,,,,350,"$384,759.00 ",Regular
P042A201339,Fort Peck Community College/ Wolf Point,,,,MT,,,,,175,"$322,065.00 ",Regular
P042A201155,Montana State University Billings,,,,MT,,,,,140,"$261,888.00 ",Regular
P042A201718,Montana State University Billings,,,,MT,,,,,258,"$362,740.00 ",Regular
P042A201752,Montana State University/ Bozeman,,,,MT,,,,,140,"$261,888.00 ",Regular
P042A200532,Montana State University/ Northern,,,,MT,,,,,240,"$303,645.00 ",Regular
P042A201125,Montana Tech of the University of Montana,,,,MT,,,,,120,"$261,887.00 ",STEM
P042A201462,Rocky Mountain College,,,,MT,,,,,250,"$346,366.00 ",Regular
P042A200955,Salish Kootenai College,,,,MT,,,,,230,"$347,504.00 ",Regular
P042A200789,The University of Montana/ Helena College of Technology,,,,MT,,,,,140,"$261,888.00 ",Regular
P042A200321,University of Great Falls,,,,MT,,,,,140,"$209,091.00 ",Regular
P042A201655,University of Montana,,,,MT,,,,,375,"$485,336.00 ",Regular
P042A201267,University of Montana Western,,,,MT,,,,,160,"$294,725.00 ",Regular
P042A200147,Alamance Community College,,,,NC,,,,,140,"$261,888.00 ",Regular
P042A200637,Appalachian State University,,,,NC,,,,,200,"$338,780.00 ",Regular
P042A200626,Beaufort County Community College,,,,NC,,,,,175,"$403,579.00 ",Regular
P042A201376,Caldwell Community College & Technical Institute,,,,NC,,,,,200,"$345,639.00 ",Regular
P042A200569,Carteret Community College,,,,NC,,,,,165,"$294,725.00 ",Regular
P042A201803,Central Carolina Community College,,,,NC,,,,,120,"$261,888.00 ",STEM
P042A201804,Central Carolina Community College,,,,NC,,,,,140,"$261,888.00 ",Regular
P042A201481,Central Piedmont Community College,,,,NC,,,,,175,"$315,283.00 ",Regular
P042A200534,Cleveland Community College,,,,NC,,,,,140,"$261,888.00 ",Regular
P042A200652,Craven Community College/ New Bern & Havelock,,,,NC,,,,,186,"$261,888.00 ",Regular
P042A200673,Davidson County Community College/ Davidson,,,,NC,,,,,160,"$291,666.00 ",Regular
P042A200405,Elizabeth City State University,,,,NC,,,,,175,"$369,809.00 ",Regular
P042A201520,Fayetteville State University,,,,NC,,,,,120,"$261,888.00 ",STEM
P042A201510,Fayetteville State University,,,,NC,,,,,200,"$400,758.00 ",Regular
P042A200470,Forsyth Technical Community College,,,,NC,,,,,140,"$261,888.00 ",Regular
P042A201527,Gaston College,,,,NC,,,,,140,"$261,888.00 ",Regular
P042A200518,Halifax Community College,,,,NC,,,,,250,"$392,146.00 ",Regular
P042A200338,James Sprunt Community College,,,,NC,,,,,210,"$400,524.00 ",Regular
P042A201504,Johnson C. Smith University,,,,NC,,,,,185,"$334,866.00 ",Regular
P042A200233,Johnston Community College,,,,NC,,,,,160,"$275,105.00 ",Regular
P042A200915,Livingstone College,,,,NC,,,,,225,"$348,002.00 ",Regular
P042A200643,Mars Hill University,,,,NC,,,,,165,"$335,110.00 ",Regular
P042A210264,Mayland Community College,,,,NC,,,,,160,"$351,160.00 ",Regular
P042A200479,North Carolina Agricultural & Technical State University,,,,NC,,,,,206,"$335,109.00 ",Regular
P042A201464,North Carolina Central University,,,,NC,,,,,100,"$261,888.00 ",Disabled
P042A201270,North Carolina Central University,,,,NC,,,,,140,"$261,888.00 ",Regular
P042A200584,North Carolina State University,,,,NC,,,,,120,"$261,888.00 ",STEM
P042A200582,North Carolina State University,,,,NC,,,,,140,"$261,888.00 ",Regular
P042A200292,Pitt Community College,,,,NC,,,,,160,"$275,105.00 ",Regular
P042A200485,Roanoke/ Chowan Community College,,,,NC,,,,,200,"$355,036.00 ",Regular
P042A200374,Rockingham Community College,,,,NC,,,,,140,"$261,888.00 ",Regular
P042A200554,Rowan-Cabarrus Community College,,,,NC,,,,,140,"$261,888.00 ",Regular
P042A201363,Saint Augustine's College,,,,NC,,,,,190,"$370,015.00 ",Regular
P042A200531,Southwestern Community College/ Jackson,,,,NC,,,,,155,"$329,991.00 ",Regular
P042A201397,The University of North Carolina at Greensboro,,,,NC,,,,,120,"$261,888.00 ",STEM
P042A211392,The University of North Carolina/ Greensboro,,,,NC,,,,,206,"$358,765.00 ",Regular
P042A201394,University of North Carolina/ Pembroke,,,,NC,,,,,200,"$341,360.00 ",Regular
P042A200547,Western Piedmont Community College,,,,NC,,,,,140,"$261,888.00 ",Regular
P042A200979,Wilkes Community College,,,,NC,,,,,200,"$375,448.00 ",Regular
P042A201543,Wilson Community College,,,,NC,,,,,212,"$314,648.00 ",Regular
P042A200231,Lake Region State College,,,,ND,,,,,160,"$294,716.00 ",Regular
P042A200874,Minot State University,,,,ND,,,,,200,"$261,888.00 ",Regular
P042A201492,Minot State University,,,,ND,,,,,110,"$261,888.00 ",Disabled
P042A201467,North Dakota State University,,,,ND,,,,,350,"$503,470.00 ",Regular
P042A201177,Turtle Mountain Community College,,,,ND,,,,,140,"$261,888.00 ",Regular
P042A200104,University of Mary,,,,ND,,,,,160,"$335,110.00 ",Regular
P042A200213,University of North Dakota,,,,ND,,,,,300,"$400,192.00 ",Regular
P042A201108,Central Community College,,,,NE,,,,,186,"$294,725.00 ",Regular
P042A201485,Chadron State College,,,,NE,,,,,160,"$285,864.00 ",Regular
P042A200963,Creighton University,,,,NE,,,,,160,"$339,512.00 ",Regular
P042A201283,Doane College,,,,NE,,,,,200,"$327,560.00 ",Regular
P042A201252,Metropolitan Community College,,,,NE,,,,,400,"$412,762.00 ",Regular
P042A200395,Nebraska Methodist College of Nursing & Allied Health,,,,NE,,,,,85,"$174,561.00 ",STEM
P042A200195,Northeast Community College,,,,NE,,,,,140,"$261,888.00 ",Regular
P042A200210,Peru State College,,,,NE,,,,,230,"$330,965.00 ",Regular
P042A201611,Southeast Community College Area,,,,NE,,,,,165,"$294,725.00 ",Regular
P042A200596,University of Nebraska/ Kearney,,,,NE,,,,,206,"$340,241.00 ",Regular
P042A201441,University of Nebraska/ Lincoln,,,,NE,,,,,350,"$590,564.00 ",Regular
P042A201401,University of Nebraska/ Omaha,,,,NE,,,,,185,"$372,920.00 ",Regular
P042A200967,Wayne State College,,,,NE,,,,,225,"$366,726.00 ",Regular
P042A201372,Western Nebraska Community College,,,,NE,,,,,200,"$400,554.00 ",Regular
P042A201124,Keene State College,,,,NH,,,,,160,"$364,948.00 ",Regular
P042A201121,Keene State College,,,,NH,,,,,120,"$261,888.00 ",STEM
P042A200083,Plymouth State University,,,,NH,,,,,180,"$357,608.00 ",Regular
P042A220562,Saint Anselm College,,,,NH,,,,,120,"$224,429.00 ",
P042A200350,University of New Hampshire,,,,NH,,,,,200,"$379,979.00 ",Regular
P042A201430,Atlantic Cape Community College/ Mays Landing Main,,,,NJ,,,,,200,"$348,002.00 ",Regular
P042A200622,Bloomfield College,,,,NJ,,,,,160,"$294,725.00 ",Regular
P042A200590,Camden County College,,,,NJ,,,,,140,"$261,888.00 ",Regular
P042A201903,Cumberland County College,,,,NJ,,,,,275,"$337,753.00 ",Regular
P042A200515,Georgian Court University,,,,NJ,,,,,160,"$338,972.00 ",Regular
P042A201488,New Jersey City University,,,,NJ,,,,,175,"$335,110.00 ",Regular
P042A200683,Ocean County College,,,,NJ,,,,,140,"$261,872.00 ",Regular
P042A200572,Passaic County Community College,,,,NJ,,,,,160,"$275,072.00 ",Regular
P042A201494,Passaic County Community College,,,,NJ,,,,,120,"$261,888.00 ",STEM
P042A201809,Passaic County Community College,,,,NJ,,,,,140,"$261,888.00 ",ESL
P042A211226,Ramapo College of New Jersey,,,,NJ,,,,,185,"$315,311.00 ",Disabled
P042A200628,Rider University,,,,NJ,,,,,150,"$348,002.00 ",Regular
P042A201368,Rutgers University,,,,NJ,,,,,410,"$611,643.00 ",Regular
P042A201346,Rutgers University/ Newark,,,,NJ,,,,,160,"$275,105.00 ",Regular
P042A201727,"Rutgers, The State University of New Jersey / Camden",,,,NJ,,,,,160,"$261,888.00 ",Regular
P042A200619,Saint Peter's University,,,,NJ,,,,,140,"$261,888.00 ",Regular
P042A200559,Seton Hall University,,,,NJ,,,,,140,"$261,888.00 ",Regular
P042A201714,Central New Mexico Community College,,,,NM,,,,,150,"$261,882.00 ",Regular
P042A201703,Central New Mexico Community College/ Main,,,,NM,,,,,177,"$294,689.00 ",Regular
P042A201157,Clovis Community College,,,,NM,,,,,180,"$294,725.00 ",Regular
P042A200864,Eastern New Mexico University,,,,NM,,,,,300,"$420,314.00 ",Regular
P042A200235,Eastern New Mexico University/ Roswell,,,,NM,,,,,140,"$261,888.00 ",Regular
P042A200123,New Mexico Junior College,,,,NM,,,,,185,"$319,607.00 ",Regular
P042A200226,New Mexico State University,,,,NM,,,,,120,"$261,886.00 ",STEM
P042A200606,New Mexico State University,,,,NM,,,,,350,"$464,808.00 ",Regular
P042A200246,San Juan College,,,,NM,,,,,160,"$275,105.00 ",Regular
P042A200364,San Juan College,,,,NM,,,,,120,"$261,862.00 ",STEM
P042A201136,Santa Fe Community College,,,,NM,,,,,160,"$275,105.00 ",Regular
P042A200883,The University of New Mexico/ Valencia Branch,,,,NM,,,,,140,"$261,888.00 ",Regular
P042A200776,University of New Mexico,,,,NM,,,,,160,"$294,721.00 ",Regular
P042A200812,University of New Mexico,,,,NM,,,,,170,"$261,853.00 ",Regular
P042A201419,University of New Mexico/ Gallup,,,,NM,,,,,160,"$280,016.00 ",Regular
P042A201546,"Board of Regents, NSHE, obo University of Nevada, Reno",,,,NV,,,,,120,"$261,888.00 ",STEM
P042A200931,"Board of Regents, NSHE, obo, Truckee Meadows Community College",,,,NV,,,,,140,"$261,888.00 ",Regular
P042A200427,College of Southern Nevada,,,,NV,,,,,200,"$294,725.00 ",Regular
P042A200934,Nevada State College,,,,NV,,,,,150,"$261,888.00 ",Regular
P042A200565,University of Nevada/ Las Vegas,,,,NV,,,,,240,"$484,462.00 ",STEM
P042A200552,University of Nevada/ Las Vegas,,,,NV,,,,,265,"$394,772.00 ",Regular
P042A201539,University of Nevada/ Reno,,,,NV,,,,,182,"$410,053.00 ",Regular
P042A200001,Adirondack Community College,,,,NY,,,,,140,"$261,888.00 ",Regular
P042A201013,Cazenovia College,,,,NY,,,,,160,"$350,568.00 ",Regular
P042A201409,Clarkson University,,,,NY,,,,,160,"$317,461.00 ",Regular
P042A201515,College of Mount Saint Vincent,,,,NY,,,,,160,"$331,573.00 ",Regular
P042A200614,CUNY/ Kingsborough Community College,,,,NY,,,,,250,"$276,309.00 ",Regular
P042A201624,CUNY/ Lehman College,,,,NY,,,,,140,"$261,888.00 ",Regular
P042A201395,CUNY/ Lehman College,,,,NY,,,,,140,"$251,691.00 ",TeacherPrep
P042A200938,CUNY/ Medgar Evers College,,,,NY,,,,,140,"$261,888.00 ",Regular
P042A200778,CUNY/ Queens College,,,,NY,,,,,103,"$261,888.00 ",Disabled
P042A201469,Dutchess Community College,,,,NY,,,,,140,"$261,888.00 ",Regular
P042A200744,Fulton Montgomery Community College,,,,NY,,,,,103,"$261,888.00 ",Disabled
P042A200187,Fulton Montgomery Community College,,,,NY,,,,,165,"$275,105.00 ",Regular
P042A201247,IONA COLLEGE,,,,NY,,,,,140,"$261,888.00 ",Regular
P042A201596,Jefferson Community College,,,,NY,,,,,160,"$280,021.00 ",Regular
P042A200698,Marist College,,,,NY,,,,,120,"$288,127.00 ",Disabled
P042A201254,Medaille College,,,,NY,,,,,208,"$334,707.00 ",Regular
P042A200411,Mercy College/ Dobbs Ferry & Bronx,,,,NY,,,,,250,"$338,972.00 ",Regular
P042A201947,Molloy College,,,,NY,,,,,160,"$279,441.00 ",Regular
P042A200563,Monroe Community College,,,,NY,,,,,300,"$307,463.00 ",Regular
P042A200109,New York University,,,,NY,,,,,250,"$430,080.00 ",Regular
P042A200635,Onondaga Community College,,,,NY,,,,,140,"$261,888.00 ",Regular
P042A200593,Orange County Community College,,,,NY,,,,,140,"$261,888.00 ",Regular
P042A201162,Paul Smith's College,,,,NY,,,,,165,"$281,019.00 ",Regular
P042A201092,Schenectady County Community College,,,,NY,,,,,175,"$335,111.00 ",Regular
P042A201586,St. John Fisher College,,,,NY,,,,,140,"$261,888.00 ",Regular
P042A201782,St. John's University,,,,NY,,,,,185,"$261,888.00 ",Regular
P042A200943,Suffolk County Community College,,,,NY,,,,,324,"$335,110.00 ",Regular
P042A201463,SUNY College at Old Westbury,,,,NY,,,,,140,"$261,888.00 ",Regular
P042A201234,SUNY/ Binghamton University,,,,NY,,,,,120,"$261,888.00 ",STEM
P042A201688,SUNY/ Buffalo,,,,NY,,,,,275,"$314,591.00 ",Regular
P042A201330,SUNY/ College of Technology/ Canton,,,,NY,,,,,216,"$309,458.00 ",Regular
P042A201582,SUNY/ Farmingdale State College,,,,NY,,,,,185,"$261,888.00 ",Regular
P042A201231,SUNY/ Plattsburgh,,,,NY,,,,,386,"$612,373.00 ",Regular
P042A201016,SUNY/ Potsdam,,,,NY,,,,,206,"$332,515.00 ",Regular
P042A201445,SUNY/ Rockland Community College,,,,NY,,,,,150,"$261,888.00 ",Regular
P042A201417,Syracuse University,,,,NY,,,,,250,"$411,893.00 ",Regular
P042A201428,The Research Foundation for SUNY on behalf of SUNY Geneseo,,,,NY,,,,,140,"$261,888.00 ",Regular
P042A210472,The Research Foundation for the State University of New York,,,,NY,,,,,400,"$431,201.00 ",Regular
P042A200774,Trocaire College,,,,NY,,,,,140,"$261,888.00 ",Regular
P042A200688,Ulster County Community College,,,,NY,,,,,227,"$347,108.00 ",Regular
P042A201179,Ulster County Community College,,,,NY,,,,,103,"$261,888.00 ",Disabled
P042A200483,University of Rochester,,,,NY,,,,,140,"$261,888.00 ",Regular
P042A200519,Utica College,,,,NY,,,,,140,"$261,888.00 ",Regular
P042A200544,Wells College,,,,NY,,,,,100,"$187,025.00 ",Regular
P042A201010,Westchester Community College,,,,NY,,,,,170,"$294,725.00 ",Regular
P042A201444,Bowling Green State University,,,,OH,,,,,350,"$675,601.00 ",Regular
P042A201593,Central State University,,,,OH,,,,,250,"$443,483.00 ",Regular
P042A201059,Cincinnati State Technical & Community College,,,,OH,,,,,180,"$325,301.00 ",Regular
P042A201587,Clark State Community College,,,,OH,,,,,180,"$291,756.00 ",Regular
P042A200075,Cleveland State University,,,,OH,,,,,515,"$619,040.00 ",Regular
P042A200641,Columbus State Community College,,,,OH,,,,,165,"$294,725.00 ",Regular
P042A221164,Columbus State Community College,,,,OH,,,,,120,"$261,888.00 ",
P042A201180,Cuyahoga Community College District,,,,OH,,,,,140,"$261,888.00 ",Regular
P042A201175,Cuyahoga Community College District,,,,OH,,,,,140,"$261,888.00 ",Regular
P042A201178,Cuyahoga Community College District,,,,OH,,,,,200,"$348,000.00 ",Regular
P042A201058,Eastern Gateway Community College/ Jefferson County,,,,OH,,,,,165,"$274,586.00 ",Regular
P042A201671,Hocking Technical College,,,,OH,,,,,225,"$335,111.00 ",Regular
P042A200670,Kent State University,,,,OH,,,,,300,"$527,601.00 ",Regular
P042A201509,Lourdes College,,,,OH,,,,,160,"$323,080.00 ",Regular
P042A201498,Miami University,,,,OH,,,,,140,"$261,888.00 ",Regular
P042A200089,North Central State College,,,,OH,,,,,140,"$261,888.00 ",Regular
P042A201784,Northwest State Community College,,,,OH,,,,,140,"$261,888.00 ",Regular
P042A200762,Notre Dame College of Ohio,,,,OH,,,,,140,"$261,888.00 ",Regular
P042A201209,Owens State Community College,,,,OH,,,,,140,"$254,261.00 ",Regular
P042A200389,Sinclair Community College/ Dayton,,,,OH,,,,,165,"$335,111.00 ",Regular
P042A200153,Stark State College of Technology,,,,OH,,,,,165,"$275,105.00 ",Regular
P042A200030,The Ohio State University,,,,OH,,,,,210,"$358,109.00 ",Regular
P042A201799,University of Cincinnati,,,,OH,,,,,140,"$261,888.00 ",Regular
P042A200760,University of Toledo,,,,OH,,,,,160,"$275,105.00 ",Regular
P042A200332,Xavier University,,,,OH,,,,,160,"$267,080.00 ",Regular
P042A200191,Zane State College,,,,OH,,,,,144,"$261,888.00 ",Regular
P042A200404,Cameron University,,,,OK,,,,,235,"$460,680.00 ",Regular
P042A200095,Carl Albert State College/ Poteau & Sallisaw,,,,OK,,,,,285,"$503,875.00 ",Regular
P042A201659,Connors State College,,,,OK,,,,,180,"$294,722.00 ",Regular
P042A201871,East Central University,,,,OK,,,,,120,"$261,888.00 ",Veterans
P042A201292,East Central University,,,,OK,,,,,140,"$261,888.00 ",Regular
P042A200703,Eastern Oklahoma State College,,,,OK,,,,,250,"$335,111.00 ",Regular
P042A201771,Langston University,,,,OK,,,,,140,"$261,888.00 ",Regular
P042A201742,Murray State College,,,,OK,,,,,250,"$422,663.00 ",Regular
P042A200471,Northeastern Oklahoma A&M College,,,,OK,,,,,160,"$300,977.00 ",Regular
P042A200107,Northeastern State University,,,,OK,,,,,175,"$343,649.00 ",Regular
P042A200696,Northwestern Oklahoma State University,,,,OK,,,,,144,"$261,888.00 ",Regular
P042A201258,Oklahoma City Community College,,,,OK,,,,,160,"$273,307.00 ",Regular
P042A201749,Oklahoma State University,,,,OK,,,,,140,"$261,888.00 ",Regular
P042A200303,Oklahoma State University/ Oklahoma City,,,,OK,,,,,200,"$346,401.00 ",Regular
P042A200699,Redlands Community College,,,,OK,,,,,200,"$301,205.00 ",Regular
P042A201885,Rogers State University,,,,OK,,,,,140,"$261,888.00 ",Regular
P042A201341,Rose State College,,,,OK,,,,,144,"$261,888.00 ",Regular
P042A200032,Seminole State College,,,,OK,,,,,120,"$261,888.00 ",STEM
P042A200004,Seminole State College,,,,OK,,,,,160,"$294,725.00 ",Regular
P042A200035,Southeastern Oklahoma State University,,,,OK,,,,,140,"$261,888.00 ",TeacherPrep
P042A200051,Southeastern Oklahoma State University,,,,OK,,,,,300,"$410,844.00 ",Regular
P042A210797,Southern Nazarene University,,,,OK,,,,,165,"$274,211.00 ",Regular
P042A201702,Tulsa Community College,,,,OK,,,,,165,"$261,888.00 ",Regular
P042A200906,University of Central Oklahoma,,,,OK,,,,,120,"$261,888.00 ",STEM
P042A200769,University of Central Oklahoma,,,,OK,,,,,140,"$261,888.00 ",ESL
P042A200747,University of Central Oklahoma,,,,OK,,,,,100,"$261,888.00 ",Disabled
P042A200571,University of Central Oklahoma,,,,OK,,,,,140,"$233,434.00 ",Regular
P042A200634,University of Central Oklahoma,,,,OK,,,,,140,"$261,888.00 ",TeacherPrep
P042A200599,University of Central Oklahoma,,,,OK,,,,,120,"$261,888.00 ",Veterans
P042A200116,Western Oklahoma State College,,,,OK,,,,,180,"$288,315.00 ",Regular
P042A200384,Blue Mountain Community College,,,,OR,,,,,170,"$275,698.00 ",Regular
P042A201144,Chemeketa Community College,,,,OR,,,,,206,"$325,099.00 ",Regular
P042A211253,Chemeketa Community College,,,,OR,,,,,103,"$280,828.00 ",Disabled
P042A200861,Clatsop Community College,,,,OR,,,,,160,"$348,048.00 ",Regular
P042A200946,Klamath Community College,,,,OR,,,,,140,"$261,888.00 ",Regular
P042A201837,Lane Community College,,,,OR,,,,,120,"$261,888.00 ",STEM
P042A211856,Lane Community College,,,,OR,,,,,180,"$306,036.00 ",Regular
P042A200897,Mt. Hood Community College,,,,OR,,,,,165,"$294,722.00 ",Regular
P042A200245,Oregon Institute of Technology,,,,OR,,,,,160,"$294,380.00 ",Regular
P042A200414,Oregon State University,,,,OR,,,,,140,"$261,888.00 ",Regular
P042A200129,Oregon State University,,,,OR,,,,,120,"$261,888.00 ",STEM
P042A200048,Oregon State University,,,,OR,,,,,175,"$286,146.00 ",Regular
P042A200965,Portland Community College/ Cascade,,,,OR,,,,,140,"$261,909.00 ",Regular
P042A201082,Portland State University,,,,OR,,,,,120,"$261,888.00 ",STEM
P042A200868,Portland State University,,,,OR,,,,,273,"$426,814.00 ",Regular
P042A201072,Rogue Community College District,,,,OR,,,,,176,"$294,725.00 ",Regular
P042A201073,Rogue Community College District,,,,OR,,,,,155,"$261,888.00 ",Regular
P042A211967,Southern Oregon University,,,,OR,,,,,190,"$325,598.00 ",Regular
P042A221518,Southwestern Oregon Community College,,,,OR,,,,,160,"$346,835.00 ",
P042A200016,Umpqua Community College,,,,OR,,,,,165,"$320,797.00 ",Regular
P042A200222,University of Oregon,,,,OR,,,,,360,"$624,299.00 ",Regular
P042A200166,Western Oregon University,,,,OR,,,,,140,"$261,888.00 ",TeacherPrep
P042A200545,Western Oregon University,,,,OR,,,,,250,"$393,363.00 ",Regular
P042A200734,Bloomsburg University of Pennsylvania,,,,PA,,,,,200,"$319,609.00 ",Regular
P042A200087,California University of Pennsylvania,,,,PA,,,,,175,"$338,972.00 ",Regular
P042A201021,Carlow University,,,,PA,,,,,140,"$261,888.00 ",Regular
P042A201825,Cheyney University of Pennsylvania,,,,PA,,,,,144,"$261,888.00 ",Regular
P042A201720,Cheyney University of Pennsylvania,,,,PA,,,,,140,"$261,888.00 ",STEM
P042A200253,Clarion University of Pennsylvania,,,,PA,,,,,206,"$392,459.00 ",Regular
P042A200261,Commonwealth Technical Institute/ Hiram G. Andrews Center,,,,PA,,,,,140,"$261,888.00 ",Disabled
P042A200741,Community College of Philadelphia,,,,PA,,,,,225,"$306,037.00 ",Regular
P042A200767,Gannon University,,,,PA,,,,,150,"$261,888.00 ",Regular
P042A201501,Harcum College,,,,PA,,,,,170,"$348,402.00 ",Regular
P042A200739,Kutztown University,,,,PA,,,,,175,"$348,007.00 ",Regular
P042A200466,Lock Haven University of Pennsylvania,,,,PA,,,,,230,"$338,971.00 ",Regular
P042A200370,Mansfield University of Pennsylvania,,,,PA,,,,,200,"$275,105.00 ",Regular
P042A200751,Neumann University,,,,PA,,,,,140,"$261,888.00 ",Regular
P042A200205,Pennsylvania Institute of Technology,,,,PA,,,,,175,"$364,786.00 ",Regular
P042A201891,Pennsylvania State University/ University Park,,,,PA,,,,,175,"$346,897.00 ",Regular
P042A201387,Pennsylvania State University/ University Park,,,,PA,,,,,160,"$335,110.00 ",Regular
P042A201684,Reading Area Community College,,,,PA,,,,,250,"$395,303.00 ",Regular
P042A201104,Saint Vincent College,,,,PA,,,,,140,"$261,888.00 ",Regular
P042A211132,Seton Hill University,,,,PA,,,,,170,"$331,701.00 ",Regular
P042A201313,Susquehanna University,,,,PA,,,,,160,"$261,888.00 ",Regular
P042A200318,University of Pennsylvania,,,,PA,,,,,180,"$330,762.00 ",Regular
P042A200464,University of Pittsburgh,,,,PA,,,,,250,"$470,619.00 ",Regular
P042A200334,University of Pittsburgh / Bradford,,,,PA,,,,,160,"$275,100.00 ",Regular
P042A201414,Westminster College,,,,PA,,,,,140,"$261,888.00 ",Regular
P042A201195,Westmoreland County Community College,,,,PA,,,,,225,"$321,662.00 ",Regular
P042A200290,American University of Puerto Rico,,,,PR,,,,,140,"$261,888.00 ",Regular
P042A201318,Inter American University of Puerto Rico/ Aguadilla,,,,PR,,,,,227,"$367,635.00 ",Regular
P042A201477,Inter American University of Puerto Rico/ Baranquitas,,,,PR,,,,,144,"$261,888.00 ",Regular
P042A201460,San Juan University College,,,,PR,,,,,315,"$385,424.00 ",Regular
P042A200151,Universidad Adventista De Las Antillas,,,,PR,,,,,140,"$261,888.00 ",ESL
P042A200148,Universidad Adventista De Las Antillas,,,,PR,,,,,140,"$261,888.00 ",Regular
P042A221600,Universidad Ana G. Mendez/ Cupey,,,,PR,,,,,215,"$347,999.00 ",
P042A200624,Universidad Del Sagrado Corazon,,,,PR,,,,,618,"$682,195.00 ",Regular
P042A201565,Universidad del Sagrado Corazon,,,,PR,,,,,100,"$261,888.00 ",Disabled
P042A200706,Universidad Del Turabo/ Gurabo,,,,PR,,,,,283,"$345,825.00 ",Regular
P042A201815,Universidad Politecnica De Puerto Rico,,,,PR,,,,,140,"$261,888.00 ",STEM
P042A201781,Universidad Politecnica De Puerto Rico,,,,PR,,,,,140,"$261,888.00 ",ESL
P042A201746,Universidad Politecnica De Puerto Rico/ San Juan,,,,PR,,,,,237,"$354,936.00 ",Regular
P042A201496,University of Puerto Rico,,,,PR,,,,,412,"$438,714.00 ",Regular
P042A200999,University of Puerto Rico/ Arecibo,,,,PR,,,,,221,"$366,187.00 ",Regular
P042A201100,University of Puerto Rico/ Humacao,,,,PR,,,,,300,"$414,828.00 ",Regular
P042A201113,Community College of Rhode Island,,,,RI,,,,,300,"$398,478.00 ",Regular
P042A201205,Community College of Rhode Island,,,,RI,,,,,140,"$261,888.00 ",Regular
P042A200473,Community College of Rhode Island,,,,RI,,,,,100,"$261,888.00 ",Disabled
P042A200328,Rhode Island College,,,,RI,,,,,140,"$261,888.00 ",Regular
P042A200329,Rhode Island College,,,,RI,,,,,120,"$261,888.00 ",STEM
P042A200139,Central Carolina Technical College,,,,SC,,,,,165,"$275,105.00 ",Regular
P042A201041,Claflin University,,,,SC,,,,,165,"$335,110.00 ",Regular
P042A201830,Clinton College,,,,SC,,,,,100,"$154,714.00 ",Regular
P042A201471,Coker University,,,,SC,,,,,140,"$261,888.00 ",Regular
P042A200474,Florence-Darlington Technical College,,,,SC,,,,,167,"$275,105.00 ",Regular
P042A201811,Greenville Technical College,,,,SC,,,,,350,"$465,516.00 ",Regular
P042A201091,Horry-Georgetown Technical College,,,,SC,,,,,144,"$261,888.00 ",Regular
P042A200824,Lander University,,,,SC,,,,,160,"$267,093.00 ",Regular
P042A200194,Midlands Technical College/ Airport and Beltline,,,,SC,,,,,185,"$335,111.00 ",Regular
P042A201617,Morris College,,,,SC,,,,,200,"$335,842.00 ",Regular
P042A201814,Orangeburg-calhoun Technical College,,,,SC,,,,,209,"$337,861.00 ",Regular
P042A211317,Piedmont Technical College,,,,SC,,,,,165,"$314,574.00 ",Regular
P042A200718,South Carolina State University,,,,SC,,,,,160,"$294,721.00 ",Regular
P042A200280,Spartanburg Community College,,,,SC,,,,,185,"$329,230.00 ",Regular
P042A200260,Technical College of the Low country,,,,SC,,,,,160,"$335,132.00 ",Regular
P042A200367,Trident Technical College,,,,SC,,,,,180,"$353,597.00 ",Regular
P042A201238,University of South Carolina,,,,SC,,,,,150,"$335,111.00 ",Regular
P042A201243,University of South Carolina/ Columbia,,,,SC,,,,,361,"$398,126.00 ",Regular
P042A200360,University of South Carolina/ Lancaster,,,,SC,,,,,165,"$305,706.00 ",Regular
P042A201304,University of South Carolina/ Salkehatchie,,,,SC,,,,,160,"$285,774.00 ",Regular
P042A201686,University of South Carolina/ Spartanburg-Upstate,,,,SC,,,,,160,"$335,110.00 ",Regular
P042A201805,Voorhees College,,,,SC,,,,,175,"$292,899.00 ",Regular
P042A200283,Winthrop University,,,,SC,,,,,160,"$275,105.00 ",Regular
P042A201965,York Technical College,,,,SC,,,,,120,"$261,888.00 ",STEM
P042A201807,York Technical College/ Rock Hill,,,,SC,,,,,200,"$338,958.00 ",Regular
P042A220912,Black Hills State University,,,,SD,,,,,200,"$342,192.00 ",
P042A201275,Dakota Wesleyan University,,,,SD,,,,,160,"$292,905.00 ",Regular
P042A201186,Northern State University,,,,SD,,,,,165,"$335,096.00 ",Regular
P042A211680,Oglala Lakota College,,,,SD,,,,,206,"$358,761.00 ",Regular
P042A200408,South Dakota State University,,,,SD,,,,,160,"$280,024.00 ",Regular
P042A200602,University of South Dakota,,,,SD,,,,,144,"$261,888.00 ",Regular
P042A200054,Austin Peay State University,,,,TN,,,,,186,"$306,036.00 ",Regular
P042A200295,Columbia State Community College,,,,TN,,,,,145,"$261,820.00 ",Regular
P042A200510,Dyersburg State Community College,,,,TN,,,,,124,"$261,888.00 ",Regular
P042A200530,Dyersburg State Community College,,,,TN,,,,,124,"$261,888.00 ",STEM
P042A210378,East Tennessee State University,,,,TN,,,,,175,"$348,002.00 ",Regular
P042A220573,East Tennessee State University,,,,TN,,,,,120,"$261,888.00 ",
P042A200860,Fisk University,,,,TN,,,,,200,"$294,722.00 ",Regular
P042A200997,Lee University,,,,TN,,,,,140,"$261,881.00 ",Regular
P042A200735,Lincoln Memorial University,,,,TN,,,,,165,"$335,106.00 ",Regular
P042A201120,Maryville College,,,,TN,,,,,140,"$261,888.00 ",Regular
P042A200856,Middle Tennessee State University,,,,TN,,,,,175,"$294,725.00 ",Regular
P042A200763,Northeast State Community College,,,,TN,,,,,180,"$322,583.00 ",Regular
P042A201525,Pellissippi State Community College,,,,TN,,,,,160,"$294,725.00 ",Regular
P042A200298,Tusculum College,,,,TN,,,,,200,"$335,111.00 ",Regular
P042A200373,Tusculum College,,,,TN,,,,,140,"$261,888.00 ",Regular
P042A200802,University of Memphis,,,,TN,,,,,206,"$275,105.00 ",Regular
P042A200811,University of Memphis,,,,TN,,,,,124,"$261,888.00 ",STEM
P042A200511,University of Tennessee/ Chattanooga,,,,TN,,,,,200,"$338,961.00 ",Regular
P042A201558,Volunteer State Community College,,,,TN,,,,,200,"$275,105.00 ",Regular
P042A200557,Abilene Christian University,,,,TX,,,,,140,"$261,888.00 ",Regular
P042A201078,Amarillo College,,,,TX,,,,,100,"$212,582.00 ",Regular
P042A201161,Amarillo College/ West,,,,TX,,,,,140,"$261,888.00 ",STEM
P042A200843,Austin Community College,,,,TX,,,,,140,"$261,888.00 ",Regular
P042A201150,College of the Mainland,,,,TX,,,,,191,"$292,141.00 ",Regular
P042A201077,Dallas County Community College District/ Eastfield College,,,,TX,,,,,283,"$360,614.00 ",Regular
P042A200654,Del Mar College,,,,TX,,,,,160,"$261,888.00 ",Regular
P042A201927,El Paso Community College,,,,TX,,,,,600,"$707,647.00 ",Regular
P042A200366,Frank Phillips College,,,,TX,,,,,165,"$275,105.00 ",Regular
P042A200738,Galveston College,,,,TX,,,,,206,"$283,895.00 ",Regular
P042A200057,Grayson County Junior College District,,,,TX,,,,,140,"$261,888.00 ",Regular
P042A200948,Houston Baptist University,,,,TX,,,,,140,"$261,888.00 ",Regular
P042A200609,Kilgore Junior College District,,,,TX,,,,,160,"$274,396.00 ",Regular
P042A200218,Laredo Community College,,,,TX,,,,,300,"$309,443.00 ",Regular
P042A201450,Lee College,,,,TX,,,,,140,"$261,888.00 ",Regular
P042A201052,Lone Star College System,,,,TX,,,,,140,"$261,888.00 ",Regular
P042A201053,Lone Star College System,,,,TX,,,,,140,"$261,888.00 ",Regular
P042A201046,Lone Star College System,,,,TX,,,,,140,"$261,888.00 ",Regular
P042A201060,Lone Star College System/ North Harris,,,,TX,,,,,160,"$270,104.00 ",Regular
P042A201036,Lone Star College System/ Tomball,,,,TX,,,,,140,"$261,888.00 ",Regular
P042A200591,McLennan County Junior College District,,,,TX,,,,,240,"$383,175.00 ",Regular
P042A201146,McMurry University,,,,TX,,,,,140,"$261,888.00 ",Regular
P042A200033,Midwestern State University,,,,TX,,,,,165,"$261,888.00 ",Regular
P042A201873,Mountain View College,,,,TX,,,,,230,"$287,738.00 ",Regular
P042A200094,Navarro College,,,,TX,,,,,300,"$445,609.00 ",Regular
P042A200101,North Central Texas College,,,,TX,,,,,165,"$294,703.00 ",Regular
P042A210299,North Lake College,,,,TX,,,,,185,"$359,727.00 ",Regular
P042A201408,Palo Alto College,,,,TX,,,,,140,"$261,888.00 ",Regular
P042A221367,Paris Junior College,,,,TX,,,,,140,"$261,888.00 ",
P042A200701,Paul Quinn College,,,,TX,,,,,155,"$260,893.00 ",Regular
P042A200677,Ranger College,,,,TX,,,,,140,"$261,888.00 ",Regular
P042A201737,Richland College,,,,TX,,,,,270,"$348,002.00 ",Regular
P042A201366,Sam Houston State University,,,,TX,,,,,140,"$261,888.00 ",TeacherPrep
P042A200149,Sam Houston State University,,,,TX,,,,,165,"$275,105.00 ",Regular
P042A201156,San Antonio College,,,,TX,,,,,120,"$261,879.00 ",STEM
P042A201158,San Antonio College,,,,TX,,,,,120,"$261,786.00 ",Veterans
P042A200517,South Plains College,,,,TX,,,,,160,"$294,725.00 ",Regular
P042A200540,Southwest Texas Junior College,,,,TX,,,,,270,"$358,220.00 ",Regular
P042A200074,St. Mary's University Texas,,,,TX,,,,,140,"$261,887.00 ",Regular
P042A200759,Sul Ross State University,,,,TX,,,,,160,"$275,105.00 ",Regular
P042A200529,Tarleton State University,,,,TX,,,,,140,"$261,888.00 ",Regular
P042A201874,Tarrant County College,,,,TX,,,,,170,"$335,111.00 ",Regular
P042A201869,Tarrant County College District/ Trinity River,,,,TX,,,,,140,"$261,888.00 ",Regular
P042A210363,Texarkana College,,,,TX,,,,,225,"$302,989.00 ",Regular
P042A201741,Texas A&M International University,,,,TX,,,,,120,"$261,888.00 ",STEM
P042A201560,Texas A&M International University,,,,TX,,,,,160,"$294,725.00 ",Regular
P042A200800,Texas A&M University/ Commerce,,,,TX,,,,,425,"$573,365.00 ",Regular
P042A200293,Texas A&M University/ Corpus Christi,,,,TX,,,,,140,"$261,888.00 ",TeacherPrep
P042A200262,Texas A&M University/ Corpus Christi,,,,TX,,,,,120,"$261,888.00 ",STEM
P042A201944,Texas A&M University/ Kingsville,,,,TX,,,,,120,"$261,888.00 ",STEM
P042A201880,Texas A&M University/ Kingsville,,,,TX,,,,,240,"$346,161.00 ",Regular
P042A200810,Texas A&M University/ Texarkana,,,,TX,,,,,140,"$261,888.00 ",Regular
P042A200833,Texas Christian University,,,,TX,,,,,120,"$261,888.00 ",STEM
P042A200715,Texas Christian University,,,,TX,,,,,160,"$306,037.00 ",Regular
P042A201931,Texas Southern University,,,,TX,,,,,120,"$261,888.00 ",STEM
P042A201321,Texas Southern University,,,,TX,,,,,144,"$261,888.00 ",Regular
P042A201567,Texas State University,,,,TX,,,,,120,"$261,888.00 ",STEM
P042A201574,Texas State University/ San Marcos,,,,TX,,,,,200,"$338,972.00 ",Regular
P042A201770,Texas Tech University,,,,TX,,,,,140,"$261,888.00 ",Regular
P042A200578,Texas Woman's University,,,,TX,,,,,140,"$261,888.00 ",Regular
P042A200598,Texas Woman's University,,,,TX,,,,,120,"$261,888.00 ",STEM
P042A200627,Tyler Junior College,,,,TX,,,,,200,"$274,262.00 ",Regular
P042A200803,University of North Texas/ Wooten Hall,,,,TX,,,,,258,"$409,610.00 ",Regular
P042A200884,University of Texas/ Arlington,,,,TX,,,,,285,"$431,599.00 ",Regular
P042A201438,University of Texas/ El Paso,,,,TX,,,,,200,"$347,074.00 ",Regular
P042A201536,University of Texas/ Rio Grande Valley,,,,TX,,,,,275,"$348,002.00 ",Regular
P042A201553,University of Texas/ San Antonio,,,,TX,,,,,144,"$261,888.00 ",Regular
P042A201535,University of the Incarnate Word,,,,TX,,,,,200,"$279,815.00 ",Regular
P042A201003,Victoria County Junior College District,,,,TX,,,,,165,"$294,725.00 ",Regular
P042A201609,Weatherford College of the Parker County Community College District,,,,TX,,,,,160,"$294,722.00 ",Regular
P042A201023,Western Texas College,,,,TX,,,,,165,"$275,105.00 ",Regular
P042A200668,Wharton County Junior College District,,,,TX,,,,,144,"$261,018.00 ",Regular
P042A200072,Dixie State College of Utah,,,,UT,,,,,200,"$368,184.00 ",Regular
P042A200862,Salt Lake Community College,,,,UT,,,,,200,"$379,746.00 ",Regular
P042A200939,Salt Lake Community College,,,,UT,,,,,120,"$261,909.00 ",STEM
P042A200221,Snow College,,,,UT,,,,,200,"$405,860.00 ",Regular
P042A201051,Southern Utah University,,,,UT,,,,,160,"$338,972.00 ",Regular
P042A200618,University of Utah,,,,UT,,,,,225,"$393,334.00 ",Regular
P042A211272,Utah State University,,,,UT,,,,,196,"$348,002.00 ",Regular
P042A210854,Utah State University/ Blanding,,,,UT,,,,,185,"$380,461.00 ",Regular
P042A201665,Utah Valley University,,,,UT,,,,,150,"$292,897.00 ",Regular
P042A201508,Weber State University,,,,UT,,,,,120,"$261,888.00 ",STEM
P042A200368,Weber State University,,,,UT,,,,,285,"$477,506.00 ",Regular
P042A200870,Central Virginia Community College,,,,VA,,,,,140,"$261,888.00 ",Regular
P042A200564,Dabney S. Lancaster Community College,,,,VA,,,,,240,"$330,124.00 ",Regular
P042A210893,Hampton University,,,,VA,,,,,190,"$348,002.00 ",Regular
P042A200382,Lord Fairfax Community College,,,,VA,,,,,160,"$294,725.00 ",Regular
P042A200188,Mountain Empire Community College,,,,VA,,,,,175,"$344,628.00 ",Regular
P042A200742,Norfolk State University,,,,VA,,,,,140,"$261,888.00 ",TeacherPrep
P042A201673,Norfolk State University,,,,VA,,,,,412,"$500,720.00 ",Regular
P042A200257,Old Dominion University,,,,VA,,,,,210,"$376,155.00 ",Regular
P042A210543,Patrick Henry Community College,,,,VA,,,,,230,"$375,405.00 ",Regular
P042A200621,Paul D. Camp Community College,,,,VA,,,,,180,"$317,461.00 ",Regular
P042A201071,Rappahannock Community College,,,,VA,,,,,175,"$349,554.00 ",Regular
P042A210929,Southwest Virginia Community College,,,,VA,,,,,300,"$446,584.00 ",Regular
P042A210375,The Rector and Visitors of the University of Virginia,,,,VA,,,,,190,"$338,972.00 ",Regular
P042A200084,Thomas Nelson Community College,,,,VA,,,,,160,"$275,105.00 ",Regular
P042A200140,Tidewater Community College,,,,VA,,,,,206,"$335,111.00 ",Regular
P042A200358,Tidewater Community College,,,,VA,,,,,144,"$261,888.00 ",Regular
P042A201416,Virginia Commonwealth University,,,,VA,,,,,120,"$261,888.00 ",STEM
P042A201412,Virginia Commonwealth University,,,,VA,,,,,200,"$261,855.00 ",Regular
P042A201017,Virginia Highlands Community College,,,,VA,,,,,210,"$428,811.00 ",Regular
P042A201952,Virginia State University,,,,VA,,,,,140,"$261,888.00 ",Regular
P042A200093,Virginia Union University,,,,VA,,,,,140,"$261,888.00 ",Regular
P042A200758,Virginia Western Community College,,,,VA,,,,,250,"$334,753.00 ",Regular
P042A200070,Wytheville Community College,,,,VA,,,,,235,"$448,314.00 ",Regular
P042A200680,Castleton State College,,,,VT,,,,,230,"$348,003.00 ",Regular
P042A200645,Community College of Vermont,,,,VT,,,,,225,"$411,562.00 ",Regular
P042A200750,Johnson State College,,,,VT,,,,,235,"$468,403.00 ",Regular
P042A201410,Vermont Technical College,,,,VT,,,,,190,"$340,622.00 ",Regular
P042A200918,Bellevue College,,,,WA,,,,,160,"$294,725.00 ",Regular
P042A200850,Bellingham Technical College,,,,WA,,,,,140,"$261,888.00 ",Regular
P042A201005,Big Bend Community College,,,,WA,,,,,120,"$261,888.00 ",STEM
P042A211009,Big Bend Community College,,,,WA,,,,,190,"$335,053.00 ",Regular
P042A200675,Central Washington University,,,,WA,,,,,225,"$334,764.00 ",Regular
P042A201778,Centralia College,,,,WA,,,,,220,"$381,347.00 ",Regular
P042A200008,Columbia Basin College,,,,WA,,,,,200,"$347,603.00 ",Regular
P042A200782,Edmonds Community College,,,,WA,,,,,160,"$275,103.00 ",Regular
P042A201182,Everett Community College,,,,WA,,,,,140,"$261,888.00 ",Regular
P042A201183,Everett Community College,,,,WA,,,,,120,"$261,888.00 ",STEM
P042A200420,Evergreen State College,,,,WA,,,,,180,"$357,748.00 ",Regular
P042A200921,Grays Harbor College,,,,WA,,,,,160,"$275,105.00 ",Regular
P042A200925,Grays Harbor College,,,,WA,,,,,120,"$261,888.00 ",STEM
P042A201192,Green River College,,,,WA,,,,,120,"$261,888.00 ",STEM
P042A201191,Green River Community College,,,,WA,,,,,200,"$348,002.00 ",Regular
P042A200425,Heritage University,,,,WA,,,,,160,"$274,805.00 ",Regular
P042A200126,Highline College,,,,WA,,,,,145,"$261,888.00 ",Regular
P042A201169,Lake Washington Technical College,,,,WA,,,,,160,"$274,845.00 ",Disabled
P042A201022,Lake Washington Technical College,,,,WA,,,,,140,"$261,888.00 ",Regular
P042A211541,Lower Columbia College,,,,WA,,,,,227,"$425,585.00 ",Regular
P042A201083,Peirce College/ Fort Steilacoom,,,,WA,,,,,160,"$275,105.00 ",Regular
P042A201049,Seattle Central College,,,,WA,,,,,120,"$261,888.00 ",STEM
P042A200911,Seattle Central Community College,,,,WA,,,,,361,"$555,479.00 ",Regular
P042A200823,SEATTLE COLLEGES dba North Seattle Community College,,,,WA,,,,,140,"$261,888.00 ",Regular
P042A210857,Skagit Valley College,,,,WA,,,,,230,"$409,491.00 ",Regular
P042A200365,South Seattle College,,,,WA,,,,,191,"$351,623.00 ",Regular
P042A201170,The Evergreen State College,,,,WA,,,,,100,"$261,888.00 ",Disabled
P042A210161,University of Washington,,,,WA,,,,,300,"$529,949.00 ",Regular
P042A200176,University of Washington/ Seattle,,,,WA,,,,,120,"$261,888.00 ",STEM
P042A200953,Walla Walla Community College,,,,WA,,,,,265,"$436,920.00 ",Regular
P042A201576,Washington State University,,,,WA,,,,,140,"$261,888.00 ",Regular
P042A201552,Washington State University,,,,WA,,,,,120,"$261,888.00 ",STEM
P042A200179,Washington State University,,,,WA,,,,,120,"$261,888.00 ",STEM
P042A200216,Washington State University,,,,WA,,,,,140,"$261,888.00 ",TeacherPrep
P042A200761,Washington State University,,,,WA,,,,,160,"$275,105.00 ",Regular
P042A200662,Washington State University,,,,WA,,,,,120,"$261,888.00 ",Veterans
P042A201210,Wenatchee Valley College,,,,WA,,,,,140,"$261,887.00 ",Regular
P042A200847,Whatcom Community College,,,,WA,,,,,140,"$261,888.00 ",Regular
P042A200686,Yakima Valley Community College,,,,WA,,,,,200,"$352,353.00 ",Regular
P042A200830,Beloit College,,,,WI,,,,,129,"$335,110.00 ",Regular
P042A201637,Chippewa Valley Technical College,,,,WI,,,,,140,"$261,888.00 ",Regular
P042A200327,Gateway Technical College,,,,WI,,,,,100,"$261,888.00 ",Disabled
P042A200200,Lac Courte Oreilles Ojibwa Community College,,,,WI,,,,,160,"$338,836.00 ",Regular
P042A200145,Lakeshore Technical College,,,,WI,,,,,140,"$261,888.00 ",Regular
P042A201151,Madison Area Technical College,,,,WI,,,,,100,"$261,888.00 ",Disabled
P042A201148,Madison Area Technical College,,,,WI,,,,,140,"$261,888.00 ",Regular
P042A201497,"Marian University, Inc.",,,,WI,,,,,140,"$261,888.00 ",Regular
P042A201547,Marquette University,,,,WI,,,,,280,"$608,504.00 ",Regular
P042A200438,Moraine Park Technical College District,,,,WI,,,,,140,"$261,888.00 ",Regular
P042A201300,Mount Mary College,,,,WI,,,,,140,"$261,888.00 ",Regular
P042A200333,Ripon College,,,,WI,,,,,160,"$290,766.00 ",Regular
P042A201735,The Board of Regents of UW System on behalf of UW-Milwaukee,,,,WI,,,,,140,"$261,888.00 ",Regular
P042A201362,University of Wisconsin,,,,WI,,,,,165,"$261,730.00 ",STEM
P042A201568,University of Wisconsin/ Eau Claire,,,,WI,,,,,100,"$261,888.00 ",Disabled
P042A201564,University of Wisconsin/ Eau Claire,,,,WI,,,,,300,"$450,581.00 ",Regular
P042A200081,University of Wisconsin/ La Crosse,,,,WI,,,,,350,"$449,718.00 ",Regular
P042A201379,University of Wisconsin/ Madison,,,,WI,,,,,283,"$348,002.00 ",Regular
P042A201431,University of Wisconsin/ Milwaukee,,,,WI,,,,,250,"$364,535.00 ",Regular
P042A200162,University of Wisconsin/ Oshkosh,,,,WI,,,,,300,"$459,061.00 ",Regular
P042A200357,University of Wisconsin/ Oshkosh,,,,WI,,,,,120,"$261,888.00 ",STEM
P042A200112,University of Wisconsin/ Parkside,,,,WI,,,,,165,"$346,094.00 ",Regular
P042A200355,University of Wisconsin/ Platteville,,,,WI,,,,,300,"$435,812.00 ",Regular
P042A200369,University of Wisconsin/ Platteville,,,,WI,,,,,100,"$261,888.00 ",Disabled
P042A201278,University of Wisconsin/ River Falls,,,,WI,,,,,200,"$347,989.00 ",Regular
P042A200525,University of Wisconsin/ Stout,,,,WI,,,,,270,"$370,687.00 ",Regular
P042A200527,University of Wisconsin/ Stout,,,,WI,,,,,160,"$294,698.00 ",Disabled
P042A201708,University of Wisconsin/ Superior,,,,WI,,,,,160,"$348,002.00 ",Regular
P042A220278,University of Wisconsin/ Whitewater at Rock County,,,,WI,,,,,150,"$219,524.00 ",
P042A200403,Viterbo University,,,,WI,,,,,200,"$350,972.00 ",Regular
P042A210491,Concord University,,,,WV,,,,,206,"$357,411.00 ",Regular
P042A200671,Glenville State College,,,,WV,,,,,165,"$275,076.00 ",Regular
P042A200632,Marshall University,,,,WV,,,,,200,"$338,972.00 ",Regular
P042A200399,Shepherd University,,,,WV,,,,,165,"$261,888.00 ",Regular
P042A201821,West Virginia State University,,,,WV,,,,,250,"$338,972.00 ",Regular
P042A201429,West Virginia University,,,,WV,,,,,206,"$347,992.00 ",Regular
P042A201634,West Virginia University Institute of Technology,,,,WV,,,,,215,"$408,472.00 ",Regular
P042A210060,Central Wyoming College,,,,WY,,,,,375,"$450,613.00 ",Regular
P042A200362,Northern Wyoming Community College,,,,WY,,,,,140,"$261,888.00 ",Regular
P042A201943,Northwest College,,,,WY,,,,,165,"$293,952.00 ",Regular
P042A200344,University of Wyoming,,,,WY,,,,,230,"$445,410.00 ",Regular
,Total No. of Projects: 1162,,,,,,,,,"209,286","$367,195,716.00 ",
,,,,,,,,,,,,
,,,,,,,,,,,,
,,,,,,,,,,,,
,,,,,,,,,,,,
,,,,,,,,,,,,
,,,,,,,,,,,,
,Data as of December 2022,,,,,,,,,,,
